2026-05-17T15:22:32.843046Z  INFO herdr::api: api server listening path=/Users/ezra/.config/herdr/herdr.sock
2026-05-17T15:22:32.843905Z  INFO herdr::app: using pane scrollback configuration pane_scrollback_limit_bytes=10000000
2026-05-17T15:22:32.844078Z  INFO herdr::logging: checking for updates event="update.check.start" subsystem="update" outcome="started"
2026-05-17T15:22:32.844160Z  INFO herdr::server::headless: client protocol socket listening path=/Users/ezra/.config/herdr/herdr-client.sock
2026-05-17T15:22:32.844175Z  INFO herdr::server::headless: herdr server started api_socket=/Users/ezra/.config/herdr/herdr.sock client_socket=/Users/ezra/.config/herdr/herdr-client.sock
2026-05-17T15:22:32.844180Z  INFO herdr::logging: herdr starting event="app.startup" subsystem="server" outcome="started" pid=21440
2026-05-17T15:22:33.101965Z  INFO herdr::server::headless: client connected client_id=2 cols=202 rows=43 cell_width_px=0 cell_height_px=0 render_encoding=SemanticFrame
2026-05-17T15:23:20.217947Z  INFO herdr::logging: spawning pane terminal event="pane.spawn.start" subsystem="pane" outcome="started" pane_id=1 rows=24 cols=80 scrollback_limit_bytes=10000000
2026-05-17T15:23:20.219413Z  INFO herdr::logging: workspace created event="workspace.create" subsystem="workspace" outcome="ok" workspace_id="w6520506a782d21" pane_id=1
2026-05-17T15:23:20.219436Z  INFO herdr::logging: workspace focused event="workspace.focus" subsystem="workspace" outcome="ok" workspace_id="w6520506a782d21"
2026-05-17T15:23:20.219456Z  INFO herdr::logging: tab focused event="tab.focus" subsystem="tab" outcome="ok" workspace_id="w6520506a782d21" tab_id="w6520506a782d21:1"
2026-05-17T15:23:20.222446Z  INFO herdr::logging: pane child spawned event="pane.spawned" subsystem="pane" outcome="ok" pane_id=1 pid=21459
2026-05-17T15:23:25.232168Z  INFO herdr::logging: session saved event="persist.save" subsystem="persist" outcome="ok" path=/Users/ezra/.config/herdr/session.json workspaces=1
2026-05-17T15:23:52.585352Z  INFO herdr::pane: agent changed pane=1 previous_agent=None agent=Some(Pi) process=pi pgid=Some(21547)
2026-05-17T15:24:04.006432Z  INFO herdr::logging: spawning pane terminal event="pane.spawn.start" subsystem="pane" outcome="started" pane_id=2 rows=42 cols=176 scrollback_limit_bytes=10000000
2026-05-17T15:24:04.007943Z  INFO herdr::logging: tab created event="tab.create" subsystem="tab" outcome="ok" workspace_id="w6520506a782d21" tab_id="w6520506a782d21:2" pane_id=2
2026-05-17T15:24:04.011669Z  INFO herdr::logging: pane child spawned event="pane.spawned" subsystem="pane" outcome="ok" pane_id=2 pid=21819
2026-05-17T15:24:09.015711Z  INFO herdr::logging: session saved event="persist.save" subsystem="persist" outcome="ok" path=/Users/ezra/.config/herdr/session.json workspaces=1
2026-05-17T15:24:43.415155Z  INFO herdr::pane: agent changed pane=2 previous_agent=None agent=Some(OpenCode) process=opencode pgid=Some(22170)
2026-05-17T15:24:50.006501Z  INFO herdr::logging: workspace focused event="workspace.focus" subsystem="workspace" outcome="ok" workspace_id="w6520506a782d21"
2026-05-17T15:24:50.006729Z  INFO herdr::logging: tab focused event="tab.focus" subsystem="tab" outcome="ok" workspace_id="w6520506a782d21" tab_id="w6520506a782d21:2"
2026-05-17T15:24:50.006739Z  INFO herdr::logging: tab focused event="tab.focus" subsystem="tab" outcome="ok" workspace_id="w6520506a782d21" tab_id="w6520506a782d21:2"
2026-05-17T15:24:50.431433Z  INFO herdr::logging: workspace focused event="workspace.focus" subsystem="workspace" outcome="ok" workspace_id="w6520506a782d21"
2026-05-17T15:24:50.431455Z  INFO herdr::logging: tab focused event="tab.focus" subsystem="tab" outcome="ok" workspace_id="w6520506a782d21" tab_id="w6520506a782d21:2"
2026-05-17T15:24:50.431461Z  INFO herdr::logging: tab focused event="tab.focus" subsystem="tab" outcome="ok" workspace_id="w6520506a782d21" tab_id="w6520506a782d21:2"
2026-05-17T15:24:55.439233Z  INFO herdr::logging: session saved event="persist.save" subsystem="persist" outcome="ok" path=/Users/ezra/.config/herdr/session.json workspaces=1
2026-05-17T15:25:01.852771Z  INFO herdr::logging: workspace focused event="workspace.focus" subsystem="workspace" outcome="ok" workspace_id="w6520506a782d21"
2026-05-17T15:25:01.852848Z  INFO herdr::logging: tab focused event="tab.focus" subsystem="tab" outcome="ok" workspace_id="w6520506a782d21" tab_id="w6520506a782d21:2"
2026-05-17T15:25:01.852863Z  INFO herdr::logging: tab focused event="tab.focus" subsystem="tab" outcome="ok" workspace_id="w6520506a782d21" tab_id="w6520506a782d21:1"
2026-05-17T15:25:02.556545Z  INFO herdr::logging: workspace focused event="workspace.focus" subsystem="workspace" outcome="ok" workspace_id="w6520506a782d21"
2026-05-17T15:25:02.556811Z  INFO herdr::logging: tab focused event="tab.focus" subsystem="tab" outcome="ok" workspace_id="w6520506a782d21" tab_id="w6520506a782d21:1"
2026-05-17T15:25:02.556860Z  INFO herdr::logging: tab focused event="tab.focus" subsystem="tab" outcome="ok" workspace_id="w6520506a782d21" tab_id="w6520506a782d21:2"
2026-05-17T15:25:03.301546Z  INFO herdr::logging: workspace focused event="workspace.focus" subsystem="workspace" outcome="ok" workspace_id="w6520506a782d21"
2026-05-17T15:25:03.302245Z  INFO herdr::logging: tab focused event="tab.focus" subsystem="tab" outcome="ok" workspace_id="w6520506a782d21" tab_id="w6520506a782d21:2"
2026-05-17T15:25:03.302306Z  INFO herdr::logging: tab focused event="tab.focus" subsystem="tab" outcome="ok" workspace_id="w6520506a782d21" tab_id="w6520506a782d21:1"
2026-05-17T15:25:08.308972Z  INFO herdr::logging: session saved event="persist.save" subsystem="persist" outcome="ok" path=/Users/ezra/.config/herdr/session.json workspaces=1
2026-05-17T15:25:26.068860Z  INFO herdr::logging: spawning pane terminal event="pane.spawn.start" subsystem="pane" outcome="started" pane_id=3 rows=21 cols=88 scrollback_limit_bytes=10000000
2026-05-17T15:25:26.073889Z  INFO herdr::logging: pane child spawned event="pane.spawned" subsystem="pane" outcome="ok" pane_id=3 pid=22199
2026-05-17T15:25:31.072547Z  INFO herdr::logging: session saved event="persist.save" subsystem="persist" outcome="ok" path=/Users/ezra/.config/herdr/session.json workspaces=1
2026-05-17T15:25:41.712358Z  INFO herdr::logging: spawning pane terminal event="pane.spawn.start" subsystem="pane" outcome="started" pane_id=4 rows=21 cols=44 scrollback_limit_bytes=10000000
2026-05-17T15:25:41.714577Z  INFO herdr::logging: pane child spawned event="pane.spawned" subsystem="pane" outcome="ok" pane_id=4 pid=22347
2026-05-17T15:25:49.057907Z  INFO herdr::logging: session saved event="persist.save" subsystem="persist" outcome="ok" path=/Users/ezra/.config/herdr/session.json workspaces=1
2026-05-17T15:25:54.373460Z  INFO herdr::logging: session saved event="persist.save" subsystem="persist" outcome="ok" path=/Users/ezra/.config/herdr/session.json workspaces=1
2026-05-17T15:26:12.937750Z  INFO herdr::pane::osc: restored host terminal default colors after transient override pane=3 owner_pgid=22345
2026-05-17T15:26:14.547267Z  INFO herdr::logging: session saved event="persist.save" subsystem="persist" outcome="ok" path=/Users/ezra/.config/herdr/session.json workspaces=1
2026-05-17T15:26:22.218499Z  INFO herdr::logging: workspace focused event="workspace.focus" subsystem="workspace" outcome="ok" workspace_id="w6520506a782d21"
2026-05-17T15:26:22.218798Z  INFO herdr::logging: tab focused event="tab.focus" subsystem="tab" outcome="ok" workspace_id="w6520506a782d21" tab_id="w6520506a782d21:1"
2026-05-17T15:26:22.780026Z  INFO herdr::logging: workspace focused event="workspace.focus" subsystem="workspace" outcome="ok" workspace_id="w6520506a782d21"
2026-05-17T15:26:22.780057Z  INFO herdr::logging: tab focused event="tab.focus" subsystem="tab" outcome="ok" workspace_id="w6520506a782d21" tab_id="w6520506a782d21:1"
2026-05-17T15:26:23.588969Z  INFO herdr::logging: tab focused event="tab.focus" subsystem="tab" outcome="ok" workspace_id="w6520506a782d21" tab_id="w6520506a782d21:2"
2026-05-17T15:26:27.488763Z  INFO herdr::pane: agent changed pane=2 previous_agent=Some(OpenCode) agent=None pgid=Some(21819)
2026-05-17T15:26:28.593276Z  INFO herdr::logging: session saved event="persist.save" subsystem="persist" outcome="ok" path=/Users/ezra/.config/herdr/session.json workspaces=1
2026-05-17T15:26:34.042737Z  INFO herdr::pane: agent changed pane=2 previous_agent=None agent=Some(OpenCode) process=opencode pgid=Some(23119)
2026-05-17T15:26:37.896145Z  INFO herdr::logging: workspace focused event="workspace.focus" subsystem="workspace" outcome="ok" workspace_id="w6520506a782d21"
2026-05-17T15:26:37.896251Z  INFO herdr::logging: tab focused event="tab.focus" subsystem="tab" outcome="ok" workspace_id="w6520506a782d21" tab_id="w6520506a782d21:2"
2026-05-17T15:26:37.896260Z  INFO herdr::logging: tab focused event="tab.focus" subsystem="tab" outcome="ok" workspace_id="w6520506a782d21" tab_id="w6520506a782d21:2"
2026-05-17T15:26:41.023868Z  INFO herdr::logging: tab focused event="tab.focus" subsystem="tab" outcome="ok" workspace_id="w6520506a782d21" tab_id="w6520506a782d21:2"
2026-05-17T15:26:42.588333Z  INFO herdr::logging: tab focused event="tab.focus" subsystem="tab" outcome="ok" workspace_id="w6520506a782d21" tab_id="w6520506a782d21:2"
2026-05-17T15:26:47.592748Z  INFO herdr::logging: session saved event="persist.save" subsystem="persist" outcome="ok" path=/Users/ezra/.config/herdr/session.json workspaces=1
2026-05-17T15:26:55.195220Z  INFO herdr::logging: tab focused event="tab.focus" subsystem="tab" outcome="ok" workspace_id="w6520506a782d21" tab_id="w6520506a782d21:2"
2026-05-17T15:27:00.197765Z  INFO herdr::logging: session saved event="persist.save" subsystem="persist" outcome="ok" path=/Users/ezra/.config/herdr/session.json workspaces=1
2026-05-17T15:27:01.128511Z  INFO herdr::server::headless: client disconnected client_id=2
2026-05-17T15:52:32.806189Z  INFO herdr::logging: checking for updates event="update.check.start" subsystem="update" outcome="started"
2026-05-17T16:04:44.795253Z  INFO herdr::server::headless: client connected client_id=4 cols=49 rows=25 cell_width_px=0 cell_height_px=0 render_encoding=SemanticFrame
2026-05-17T16:04:49.658395Z  INFO herdr::server::headless: client resize client_id=4 cols=49 rows=40 cell_width_px=0 cell_height_px=0
2026-05-17T16:05:20.068287Z  INFO herdr::server::headless: client resize client_id=4 cols=49 rows=25 cell_width_px=0 cell_height_px=0
2026-05-17T16:05:20.845575Z  INFO herdr::pane: agent changed pane=2 previous_agent=Some(OpenCode) agent=None pgid=Some(21819)
2026-05-17T16:05:22.436734Z  INFO herdr::server::headless: client resize client_id=4 cols=49 rows=40 cell_width_px=0 cell_height_px=0
2026-05-17T16:05:24.742380Z  INFO herdr::server::headless: client connected client_id=6 cols=202 rows=43 cell_width_px=0 cell_height_px=0 render_encoding=SemanticFrame
2026-05-17T16:05:31.309507Z  INFO herdr::server::headless: client resize client_id=4 cols=49 rows=25 cell_width_px=0 cell_height_px=0
2026-05-17T16:05:59.439276Z  INFO herdr::server::headless: client resize client_id=4 cols=49 rows=40 cell_width_px=0 cell_height_px=0
2026-05-17T16:06:05.928629Z  INFO herdr::server::headless: client resize client_id=4 cols=49 rows=25 cell_width_px=0 cell_height_px=0
2026-05-17T16:06:06.473025Z  INFO herdr::logging: pane child exited event="pane.exit" subsystem="pane" outcome="completed" pane_id=2 status="ExitStatus { code: 0, signal: None }"
2026-05-17T16:06:06.473110Z  INFO herdr::pane: pane session terminated pane=2 pid=21819 signal=Hangup
2026-05-17T16:06:11.478760Z  INFO herdr::logging: session saved event="persist.save" subsystem="persist" outcome="ok" path=/Users/ezra/.config/herdr/session.json workspaces=1
2026-05-17T16:06:19.894001Z  INFO herdr::logging: session saved event="persist.save" subsystem="persist" outcome="ok" path=/Users/ezra/.config/herdr/session.json workspaces=1
2026-05-17T16:06:20.147652Z  INFO herdr::logging: pane child exited event="pane.exit" subsystem="pane" outcome="completed" pane_id=3 status="ExitStatus { code: 0, signal: None }"
2026-05-17T16:06:25.158319Z  INFO herdr::logging: session saved event="persist.save" subsystem="persist" outcome="ok" path=/Users/ezra/.config/herdr/session.json workspaces=1
2026-05-17T16:06:49.891984Z  INFO herdr::pane: agent changed pane=1 previous_agent=Some(Pi) agent=None pgid=Some(21459)
2026-05-17T16:06:51.141177Z  INFO herdr::logging: pane child exited event="pane.exit" subsystem="pane" outcome="completed" pane_id=1 status="ExitStatus { code: 0, signal: None }"
2026-05-17T16:06:56.144783Z  INFO herdr::logging: session saved event="persist.save" subsystem="persist" outcome="ok" path=/Users/ezra/.config/herdr/session.json workspaces=1
2026-05-17T16:07:10.160702Z  INFO herdr::logging: pane child exited event="pane.exit" subsystem="pane" outcome="completed" pane_id=4 status="ExitStatus { code: 0, signal: None }"
2026-05-17T16:07:10.160969Z  INFO herdr::pane: pane session terminated pane=4 pid=22347 signal=Hangup
2026-05-17T16:07:15.164913Z  INFO herdr::logging: session cleared event="persist.clear" subsystem="persist" outcome="ok" path=/Users/ezra/.config/herdr/session.json
2026-05-17T16:07:26.363596Z  INFO herdr::server::headless: client resize client_id=4 cols=49 rows=40 cell_width_px=0 cell_height_px=0
2026-05-17T16:07:52.731020Z  INFO herdr::server::headless: client detach requested via keybind client_id=6
2026-05-17T16:07:52.733854Z  INFO herdr::server::headless: client disconnected client_id=6
2026-05-17T16:07:55.716254Z  INFO herdr::logging: session cleared event="persist.clear" subsystem="persist" outcome="ok" path=/Users/ezra/.config/herdr/session.json
2026-05-17T16:22:32.768562Z  INFO herdr::logging: checking for updates event="update.check.start" subsystem="update" outcome="started"
2026-05-17T16:52:32.735450Z  INFO herdr::logging: checking for updates event="update.check.start" subsystem="update" outcome="started"
2026-05-17T17:22:32.703109Z  INFO herdr::logging: checking for updates event="update.check.start" subsystem="update" outcome="started"
2026-05-17T17:52:32.674973Z  INFO herdr::logging: checking for updates event="update.check.start" subsystem="update" outcome="started"
2026-05-17T17:52:33.302391Z  INFO herdr::logging: update available event="update.available" subsystem="update" outcome="ok" version="0.5.10"
2026-05-17T17:52:33.302592Z  INFO herdr::update: new version v0.5.10 available at https://github.com/ogulcancelik/herdr/releases/download/v0.5.10/herdr-macos-aarch64
2026-05-17T17:52:33.306073Z  INFO herdr::update: auto-update check: v0.5.10 available, waiting for explicit install
2026-05-18T02:11:18.974819Z  INFO herdr::logging: spawning pane terminal event="pane.spawn.start" subsystem="pane" outcome="started" pane_id=5 rows=24 cols=80 scrollback_limit_bytes=10000000
2026-05-18T02:11:18.980572Z  INFO herdr::logging: workspace created event="workspace.create" subsystem="workspace" outcome="ok" workspace_id="w6520e140252ad2" pane_id=5
2026-05-18T02:11:18.980848Z  INFO herdr::logging: workspace focused event="workspace.focus" subsystem="workspace" outcome="ok" workspace_id="w6520e140252ad2"
2026-05-18T02:11:18.983243Z  INFO herdr::logging: tab focused event="tab.focus" subsystem="tab" outcome="ok" workspace_id="w6520e140252ad2" tab_id="w6520e140252ad2:1"
2026-05-18T02:11:18.984780Z  INFO herdr::logging: pane child spawned event="pane.spawned" subsystem="pane" outcome="ok" pane_id=5 pid=10274
2026-05-18T02:11:23.993195Z  INFO herdr::logging: session saved event="persist.save" subsystem="persist" outcome="ok" path=/Users/ezra/.config/herdr/session.json workspaces=1
2026-05-18T02:11:26.713541Z  INFO herdr::server::headless: client resize client_id=4 cols=49 rows=25 cell_width_px=0 cell_height_px=0
2026-05-18T02:11:44.347017Z  INFO herdr::server::headless: client resize client_id=4 cols=49 rows=40 cell_width_px=0 cell_height_px=0
2026-05-18T02:11:54.265506Z  INFO herdr::server::headless: client resize client_id=4 cols=49 rows=25 cell_width_px=0 cell_height_px=0
2026-05-18T02:12:52.805881Z  INFO herdr::server::headless: client resize client_id=4 cols=49 rows=40 cell_width_px=0 cell_height_px=0
2026-05-18T02:13:03.579906Z  INFO herdr::server::headless: client resize client_id=4 cols=49 rows=25 cell_width_px=0 cell_height_px=0
2026-05-18T02:13:35.685948Z  INFO herdr::server::headless: client resize client_id=4 cols=49 rows=23 cell_width_px=0 cell_height_px=0
2026-05-18T02:14:19.315542Z  INFO herdr::server::headless: client connected client_id=8 cols=127 rows=25 cell_width_px=0 cell_height_px=0 render_encoding=SemanticFrame
2026-05-18T02:14:35.750540Z  INFO herdr::server::headless: client resize client_id=8 cols=157 rows=29 cell_width_px=0 cell_height_px=0
2026-05-18T03:04:53.172866Z  INFO herdr::server::headless: client resize client_id=8 cols=202 rows=43 cell_width_px=0 cell_height_px=0
2026-05-18T06:38:05.169856Z  INFO herdr::server::headless: client connected client_id=10 cols=88 rows=43 cell_width_px=0 cell_height_px=0 render_encoding=SemanticFrame
2026-05-18T06:38:26.893430Z  INFO herdr::logging: pane child exited event="pane.exit" subsystem="pane" outcome="completed" pane_id=5 status="ExitStatus { code: 0, signal: None }"
2026-05-18T06:38:26.893583Z  INFO herdr::pane: pane session terminated pane=5 pid=10274 signal=Hangup
2026-05-18T06:38:31.899453Z  INFO herdr::logging: session cleared event="persist.clear" subsystem="persist" outcome="ok" path=/Users/ezra/.config/herdr/session.json
2026-05-18T07:03:47.884689Z  INFO herdr::server::headless: client detach requested via keybind client_id=8
2026-05-18T07:03:47.890152Z  INFO herdr::server::headless: client disconnected client_id=8
2026-05-19T11:25:27.207463Z  INFO herdr::server::headless: client disconnected client_id=4
2026-05-19T15:49:53.949745Z  INFO herdr::server::headless: client disconnected client_id=10
2026-05-20T02:58:35.181464Z  INFO herdr::api: api server listening path=/Users/ezra/.config/herdr/herdr.sock
2026-05-20T02:58:35.182590Z  INFO herdr::app: using pane scrollback configuration pane_scrollback_limit_bytes=10000000
2026-05-20T02:58:35.183812Z  INFO herdr::logging: checking for updates event="update.check.start" subsystem="update" outcome="started"
2026-05-20T02:58:35.183826Z  INFO herdr::server::headless: client protocol socket listening path=/Users/ezra/.config/herdr/herdr-client.sock
2026-05-20T02:58:35.183843Z  INFO herdr::server::headless: herdr server started api_socket=/Users/ezra/.config/herdr/herdr.sock client_socket=/Users/ezra/.config/herdr/herdr-client.sock
2026-05-20T02:58:35.183853Z  INFO herdr::logging: herdr starting event="app.startup" subsystem="server" outcome="started" pid=34865
2026-05-20T02:58:35.443535Z  INFO herdr::server::headless: client connected client_id=2 cols=157 rows=29 cell_width_px=0 cell_height_px=0 render_encoding=SemanticFrame
2026-05-20T02:58:36.879231Z  INFO herdr::logging: update available event="update.available" subsystem="update" outcome="ok" version="0.5.12"
2026-05-20T02:58:36.879386Z  INFO herdr::update: new version v0.5.12 available at https://github.com/ogulcancelik/herdr/releases/download/v0.5.12/herdr-macos-aarch64
2026-05-20T02:58:36.881616Z  INFO herdr::update: auto-update check: v0.5.12 available, waiting for explicit install
2026-05-20T03:00:50.968158Z  INFO herdr::server::headless: client detach requested via keybind client_id=2
2026-05-20T03:00:50.972660Z  INFO herdr::server::headless: client disconnected client_id=2
2026-05-20T05:14:37.722626Z  INFO herdr::server::headless: client connected client_id=4 cols=157 rows=29 cell_width_px=0 cell_height_px=0 render_encoding=SemanticFrame
2026-05-20T05:14:40.189181Z  INFO herdr::logging: spawning pane terminal event="pane.spawn.start" subsystem="pane" outcome="started" pane_id=1 rows=24 cols=80 scrollback_limit_bytes=10000000
2026-05-20T05:14:40.192658Z  INFO herdr::logging: workspace created event="workspace.create" subsystem="workspace" outcome="ok" workspace_id="w65238df6a3cc71" pane_id=1
2026-05-20T05:14:40.192748Z  INFO herdr::logging: workspace focused event="workspace.focus" subsystem="workspace" outcome="ok" workspace_id="w65238df6a3cc71"
2026-05-20T05:14:40.192760Z  INFO herdr::logging: tab focused event="tab.focus" subsystem="tab" outcome="ok" workspace_id="w65238df6a3cc71" tab_id="w65238df6a3cc71:1"
2026-05-20T05:14:40.192984Z  INFO herdr::logging: pane child spawned event="pane.spawned" subsystem="pane" outcome="ok" pane_id=1 pid=70237
2026-05-20T05:14:44.291509Z  INFO herdr::pane: agent changed pane=1 previous_agent=None agent=Some(Pi) process=pi pgid=Some(70303)
2026-05-20T05:14:45.200367Z  INFO herdr::logging: session saved event="persist.save" subsystem="persist" outcome="ok" path=/Users/ezra/.config/herdr/session.json workspaces=1
2026-05-20T05:16:30.701461Z  INFO herdr::logging: api request received event="api.request.start" subsystem="api" outcome="started" request_id="herdr:pi:release:1779254190700:v71p4qvhrlh" method="pane.release_agent" changes_ui=true
2026-05-20T05:16:30.703987Z  INFO herdr::logging: api request completed event="api.request.complete" subsystem="api" outcome="ok" request_id="herdr:pi:release:1779254190700:v71p4qvhrlh" method="pane.release_agent"
2026-05-20T05:16:58.716823Z  INFO herdr::logging: session saved event="persist.save" subsystem="persist" outcome="ok" path=/Users/ezra/.config/herdr/session.json workspaces=1
2026-05-20T05:17:32.579590Z  INFO herdr::logging: pane child exited event="pane.exit" subsystem="pane" outcome="completed" pane_id=1 status="ExitStatus { code: 0, signal: None }"
2026-05-20T05:17:32.579650Z  INFO herdr::pane: pane session terminated pane=1 pid=70237 signal=Hangup
2026-05-20T05:17:37.584821Z  INFO herdr::logging: session cleared event="persist.clear" subsystem="persist" outcome="ok" path=/Users/ezra/.config/herdr/session.json
2026-05-20T05:17:37.885827Z  INFO herdr::server::headless: client detach requested via keybind client_id=4
2026-05-20T05:17:37.887779Z  INFO herdr::server::headless: client disconnected client_id=4
2026-05-20T05:18:38.387820Z  INFO herdr::server::headless: server shutdown initiated
2026-05-20T05:18:38.388120Z  WARN herdr::api: api connection failed err=Invalid argument (os error 22)
2026-05-20T05:18:38.440260Z  INFO herdr::server::headless: completing server shutdown
2026-05-20T05:18:38.454048Z  INFO herdr::logging: session cleared event="persist.clear" subsystem="persist" outcome="ok" path=/Users/ezra/.config/herdr/session.json
2026-05-20T05:18:38.454150Z  INFO herdr::server::headless: headless server exiting
2026-05-20T05:18:38.455858Z  INFO herdr::logging: herdr exiting event="app.shutdown" subsystem="server" outcome="completed" pid=34865
2026-05-20T05:18:44.578667Z  INFO herdr::api: api server listening path=/Users/ezra/.config/herdr/herdr.sock
2026-05-20T05:18:44.582480Z  INFO herdr::app: using pane scrollback configuration pane_scrollback_limit_bytes=10000000
2026-05-20T05:18:44.582753Z  INFO herdr::logging: checking for updates event="update.check.start" subsystem="update" outcome="started"
2026-05-20T05:18:44.582922Z  INFO herdr::server::headless: client protocol socket listening path=/Users/ezra/.config/herdr/herdr-client.sock
2026-05-20T05:18:44.582938Z  INFO herdr::server::headless: herdr server started api_socket=/Users/ezra/.config/herdr/herdr.sock client_socket=/Users/ezra/.config/herdr/herdr-client.sock
2026-05-20T05:18:44.582964Z  INFO herdr::logging: herdr starting event="app.startup" subsystem="server" outcome="started" pid=72356
2026-05-20T05:18:44.839402Z  INFO herdr::server::headless: client connected client_id=2 cols=157 rows=29 cell_width_px=0 cell_height_px=0 render_encoding=SemanticFrame
2026-05-20T05:18:57.078028Z  INFO herdr::server::headless: client detach requested via keybind client_id=2
2026-05-20T05:18:57.079016Z  INFO herdr::server::headless: client disconnected client_id=2
2026-05-20T05:48:44.633011Z  INFO herdr::logging: checking for updates event="update.check.start" subsystem="update" outcome="started"
2026-05-21T08:16:43.671723Z  INFO herdr::api: api server listening path=/Users/ezra/.config/herdr/herdr.sock
2026-05-21T08:16:43.673341Z  INFO herdr::app: using pane scrollback configuration pane_scrollback_limit_bytes=10000000
2026-05-21T08:16:43.673670Z  INFO herdr::logging: checking for updates event="update.check.start" subsystem="update" outcome="started"
2026-05-21T08:16:43.673947Z  INFO herdr::server::headless: client protocol socket listening path=/Users/ezra/.config/herdr/herdr-client.sock
2026-05-21T08:16:43.673986Z  INFO herdr::server::headless: herdr server started api_socket=/Users/ezra/.config/herdr/herdr.sock client_socket=/Users/ezra/.config/herdr/herdr-client.sock
2026-05-21T08:16:43.674018Z  INFO herdr::logging: herdr starting event="app.startup" subsystem="server" outcome="started" pid=43385
2026-05-21T08:16:43.928761Z  INFO herdr::server::headless: client connected client_id=2 cols=157 rows=29 cell_width_px=0 cell_height_px=0 render_encoding=SemanticFrame
2026-05-21T08:16:44.943468Z  INFO herdr::logging: update available event="update.available" subsystem="update" outcome="ok" version="0.6.0"
2026-05-21T08:16:44.943512Z  INFO herdr::update: new version v0.6.0 available at https://github.com/ogulcancelik/herdr/releases/download/v0.6.0/herdr-macos-aarch64
2026-05-21T08:16:44.944521Z  INFO herdr::update: auto-update check: v0.6.0 available, waiting for explicit install
2026-05-21T08:17:04.698830Z  INFO herdr::server::headless: client detach requested via keybind client_id=2
2026-05-21T08:17:04.701179Z  INFO herdr::server::headless: client disconnected client_id=2
2026-05-29T17:06:23.330055Z  INFO herdr::api: api server listening path=/Users/ezra/.config/herdr/herdr.sock
2026-05-29T17:06:23.331583Z  INFO herdr::app: using pane scrollback configuration pane_scrollback_limit_bytes=10000000
2026-05-29T17:06:23.332242Z  INFO herdr::logging: checking for updates event="update.check.start" subsystem="update" outcome="started"
2026-05-29T17:06:23.332550Z  INFO herdr::server::headless: client protocol socket listening path=/Users/ezra/.config/herdr/herdr-client.sock
2026-05-29T17:06:23.332571Z  INFO herdr::server::headless: herdr server started api_socket=/Users/ezra/.config/herdr/herdr.sock client_socket=/Users/ezra/.config/herdr/herdr-client.sock
2026-05-29T17:06:23.332603Z  INFO herdr::logging: herdr starting event="app.startup" subsystem="server" outcome="started" pid=7390
2026-05-29T17:06:23.589311Z  INFO herdr::server::headless: client connected client_id=2 cols=177 rows=33 cell_width_px=0 cell_height_px=0 render_encoding=SemanticFrame
2026-05-29T17:06:25.269597Z  INFO herdr::logging: update available event="update.available" subsystem="update" outcome="ok" version="0.6.4"
2026-05-29T17:06:25.269680Z  INFO herdr::update: new version v0.6.4 available at https://github.com/ogulcancelik/herdr/releases/download/v0.6.4/herdr-macos-aarch64
2026-05-29T17:06:25.271005Z  INFO herdr::update: auto-update check: v0.6.4 available, waiting for explicit install
2026-05-29T17:06:40.599257Z  INFO herdr::server::headless: client detach requested via keybind client_id=2
2026-05-29T17:06:40.601239Z  INFO herdr::server::headless: client disconnected client_id=2
2026-05-29T17:07:40.633637Z  INFO herdr::server::headless: server shutdown initiated
2026-05-29T17:07:40.633901Z  WARN herdr::api: api connection failed err=Invalid argument (os error 22)
2026-05-29T17:07:40.688467Z  INFO herdr::server::headless: completing server shutdown
2026-05-29T17:07:40.688977Z  INFO herdr::logging: session cleared event="persist.clear" subsystem="persist" outcome="ok" path=/Users/ezra/.config/herdr/session.json
2026-05-29T17:07:40.689002Z  INFO herdr::server::headless: headless server exiting
2026-05-29T17:07:40.689844Z  INFO herdr::logging: herdr exiting event="app.shutdown" subsystem="server" outcome="completed" pid=7390
2026-05-29T17:08:09.376813Z  INFO herdr::platform::macos: raised server file descriptor soft limit previous=256 target=8192
2026-05-29T17:08:09.377179Z  INFO herdr::api::server: api server listening path=/Users/ezra/.config/herdr/herdr.sock
2026-05-29T17:08:09.377679Z  INFO herdr::app: using pane scrollback configuration pane_scrollback_limit_bytes=10000000
2026-05-29T17:08:09.380647Z  INFO herdr::logging: checking for updates event="update.check.start" subsystem="update" outcome="started"
2026-05-29T17:08:09.380756Z  INFO herdr::server::headless: client protocol socket listening path=/Users/ezra/.config/herdr/herdr-client.sock
2026-05-29T17:08:09.380777Z  INFO herdr::server::headless: herdr server started api_socket=/Users/ezra/.config/herdr/herdr.sock client_socket=/Users/ezra/.config/herdr/herdr-client.sock
2026-05-29T17:08:09.380800Z  INFO herdr::logging: herdr starting event="app.startup" subsystem="server" outcome="started" pid=8300
2026-05-29T17:08:09.637790Z  INFO herdr::server::headless: client connected client_id=2 cols=177 rows=33 cell_width_px=0 cell_height_px=0 render_encoding=SemanticFrame
2026-05-29T17:28:56.910149Z  INFO herdr::logging: spawning pane terminal event="pane.spawn.start" subsystem="pane" outcome="started" pane_id=1 rows=24 cols=80 scrollback_limit_bytes=10000000
2026-05-29T17:28:56.911272Z  INFO herdr::logging: workspace created event="workspace.create" subsystem="workspace" outcome="ok" workspace_id="w652f82df8cd801" pane_id=1
2026-05-29T17:28:56.911297Z  INFO herdr::logging: workspace focused event="workspace.focus" subsystem="workspace" outcome="ok" workspace_id="w652f82df8cd801"
2026-05-29T17:28:56.911321Z  INFO herdr::logging: tab focused event="tab.focus" subsystem="tab" outcome="ok" workspace_id="w652f82df8cd801" tab_id="w652f82df8cd801:1"
2026-05-29T17:28:56.912863Z  INFO herdr::logging: pane child spawned event="pane.spawned" subsystem="pane" outcome="ok" pane_id=1 pid=11819
2026-05-29T17:29:01.918269Z  INFO herdr::logging: session saved event="persist.save" subsystem="persist" outcome="ok" path=/Users/ezra/.config/herdr/session.json workspaces=1
2026-05-29T17:29:04.517579Z  INFO herdr::pane: agent changed pane=1 previous_agent=None agent=Some(Pi) process=pi pgid=Some(11917)
2026-05-29T17:30:49.463106Z  INFO herdr::logging: spawning pane terminal event="pane.spawn.start" subsystem="pane" outcome="started" pane_id=2 rows=32 cols=151 scrollback_limit_bytes=10000000
2026-05-29T17:30:49.465495Z  INFO herdr::logging: tab focused event="tab.focus" subsystem="tab" outcome="ok" workspace_id="w652f82df8cd801" tab_id="w652f82df8cd801:2"
2026-05-29T17:30:49.465517Z  INFO herdr::logging: tab created event="tab.create" subsystem="tab" outcome="ok" workspace_id="w652f82df8cd801" tab_id="w652f82df8cd801:2" pane_id=2
2026-05-29T17:30:49.467971Z  INFO herdr::logging: pane child spawned event="pane.spawned" subsystem="pane" outcome="ok" pane_id=2 pid=14210
2026-05-29T17:30:52.543993Z  INFO herdr::pane: agent changed pane=2 previous_agent=None agent=Some(Hermes) process=hermes pgid=Some(14277)
2026-05-29T17:30:54.472273Z  INFO herdr::logging: session saved event="persist.save" subsystem="persist" outcome="ok" path=/Users/ezra/.config/herdr/session.json workspaces=1
2026-05-29T17:31:03.266934Z  INFO herdr::logging: session saved event="persist.save" subsystem="persist" outcome="ok" path=/Users/ezra/.config/herdr/session.json workspaces=1
2026-05-29T17:31:12.723870Z  INFO herdr::logging: tab focused event="tab.focus" subsystem="tab" outcome="ok" workspace_id="w652f82df8cd801" tab_id="w652f82df8cd801:1"
2026-05-29T17:31:13.650996Z  INFO herdr::logging: tab focused event="tab.focus" subsystem="tab" outcome="ok" workspace_id="w652f82df8cd801" tab_id="w652f82df8cd801:2"
2026-05-29T17:31:15.030738Z  INFO herdr::logging: workspace focused event="workspace.focus" subsystem="workspace" outcome="ok" workspace_id="w652f82df8cd801"
2026-05-29T17:31:15.030884Z  INFO herdr::logging: tab focused event="tab.focus" subsystem="tab" outcome="ok" workspace_id="w652f82df8cd801" tab_id="w652f82df8cd801:2"
2026-05-29T17:31:16.617465Z  INFO herdr::logging: spawning pane terminal event="pane.spawn.start" subsystem="pane" outcome="started" pane_id=3 rows=32 cols=151 scrollback_limit_bytes=10000000
2026-05-29T17:31:16.617745Z  INFO herdr::logging: workspace created event="workspace.create" subsystem="workspace" outcome="ok" workspace_id="w652f8364c8dc02" pane_id=3
2026-05-29T17:31:16.617796Z  INFO herdr::logging: workspace focused event="workspace.focus" subsystem="workspace" outcome="ok" workspace_id="w652f8364c8dc02"
2026-05-29T17:31:16.618760Z  INFO herdr::logging: tab focused event="tab.focus" subsystem="tab" outcome="ok" workspace_id="w652f8364c8dc02" tab_id="w652f8364c8dc02:1"
2026-05-29T17:31:16.619102Z  INFO herdr::logging: pane child spawned event="pane.spawned" subsystem="pane" outcome="ok" pane_id=3 pid=14555
2026-05-29T17:31:18.555267Z  INFO herdr::logging: workspace focused event="workspace.focus" subsystem="workspace" outcome="ok" workspace_id="w652f82df8cd801"
2026-05-29T17:31:18.555485Z  INFO herdr::logging: tab focused event="tab.focus" subsystem="tab" outcome="ok" workspace_id="w652f82df8cd801" tab_id="w652f82df8cd801:2"
2026-05-29T17:31:22.709616Z  INFO herdr::pane: agent changed pane=2 previous_agent=Some(Hermes) agent=None pgid=Some(14210)
2026-05-29T17:31:23.560068Z  INFO herdr::logging: session saved event="persist.save" subsystem="persist" outcome="ok" path=/Users/ezra/.config/herdr/session.json workspaces=2
2026-05-29T17:31:24.448708Z  INFO herdr::logging: tab focused event="tab.focus" subsystem="tab" outcome="ok" workspace_id="w652f82df8cd801" tab_id="w652f82df8cd801:1"
2026-05-29T17:31:25.725127Z  INFO herdr::logging: api request received event="api.request.start" subsystem="api" outcome="started" request_id="herdr:pi:release:1780075885622:hwvuqmk2v9" method="pane.release_agent" changes_ui=true
2026-05-29T17:31:25.725301Z  INFO herdr::logging: api request completed event="api.request.complete" subsystem="api" outcome="ok" request_id="herdr:pi:release:1780075885622:hwvuqmk2v9" method="pane.release_agent"
2026-05-29T17:31:28.122657Z  INFO herdr::server::headless: client disconnected client_id=2
2026-05-29T17:31:29.451768Z  INFO herdr::logging: session saved event="persist.save" subsystem="persist" outcome="ok" path=/Users/ezra/.config/herdr/session.json workspaces=2
2026-05-29T17:38:09.379558Z  INFO herdr::logging: checking for updates event="update.check.start" subsystem="update" outcome="started"
2026-05-29T18:08:09.378365Z  INFO herdr::logging: checking for updates event="update.check.start" subsystem="update" outcome="started"
2026-05-29T18:38:09.379971Z  INFO herdr::logging: checking for updates event="update.check.start" subsystem="update" outcome="started"
2026-05-29T19:08:09.380554Z  INFO herdr::logging: checking for updates event="update.check.start" subsystem="update" outcome="started"
2026-05-29T19:08:10.586544Z  INFO herdr::logging: update available event="update.available" subsystem="update" outcome="ok" version="0.6.5"
2026-05-29T19:08:10.586699Z  INFO herdr::update: new version v0.6.5 available at https://github.com/ogulcancelik/herdr/releases/download/v0.6.5/herdr-macos-aarch64
2026-05-29T19:08:10.588440Z  INFO herdr::update: auto-update check: v0.6.5 available, waiting for explicit install
2026-05-30T04:00:10.125515Z  INFO herdr::server::headless: client connected client_id=4 cols=177 rows=33 cell_width_px=0 cell_height_px=0 render_encoding=SemanticFrame
2026-05-30T04:00:14.184981Z  INFO herdr::logging: tab focused event="tab.focus" subsystem="tab" outcome="ok" workspace_id="w652f82df8cd801" tab_id="w652f82df8cd801:2"
2026-05-30T04:00:19.189060Z  INFO herdr::logging: session saved event="persist.save" subsystem="persist" outcome="ok" path=/Users/ezra/.config/herdr/session.json workspaces=2
2026-05-30T04:00:20.420939Z  INFO herdr::pane: agent changed pane=2 previous_agent=None agent=Some(Hermes) process=hermes pgid=Some(35070)
2026-05-30T04:00:45.059082Z  INFO herdr::logging: tab focused event="tab.focus" subsystem="tab" outcome="ok" workspace_id="w652f82df8cd801" tab_id="w652f82df8cd801:1"
2026-05-30T04:00:46.205310Z  INFO herdr::logging: workspace focused event="workspace.focus" subsystem="workspace" outcome="ok" workspace_id="w652f8364c8dc02"
2026-05-30T04:00:46.205577Z  INFO herdr::logging: tab focused event="tab.focus" subsystem="tab" outcome="ok" workspace_id="w652f8364c8dc02" tab_id="w652f8364c8dc02:1"
2026-05-30T04:00:48.021921Z  INFO herdr::logging: workspace focused event="workspace.focus" subsystem="workspace" outcome="ok" workspace_id="w652f82df8cd801"
2026-05-30T04:00:48.022028Z  INFO herdr::logging: tab focused event="tab.focus" subsystem="tab" outcome="ok" workspace_id="w652f82df8cd801" tab_id="w652f82df8cd801:1"
2026-05-30T04:00:50.012816Z  INFO herdr::logging: workspace focused event="workspace.focus" subsystem="workspace" outcome="ok" workspace_id="w652f8364c8dc02"
2026-05-30T04:00:50.012865Z  INFO herdr::logging: tab focused event="tab.focus" subsystem="tab" outcome="ok" workspace_id="w652f8364c8dc02" tab_id="w652f8364c8dc02:1"
2026-05-30T04:00:53.842647Z  INFO herdr::logging: workspace closed event="workspace.close" subsystem="workspace" outcome="ok" workspace_id="w652f8364c8dc02"
2026-05-30T04:00:55.799953Z  INFO herdr::logging: tab focused event="tab.focus" subsystem="tab" outcome="ok" workspace_id="w652f82df8cd801" tab_id="w652f82df8cd801:2"
2026-05-30T04:01:00.803037Z  INFO herdr::logging: session saved event="persist.save" subsystem="persist" outcome="ok" path=/Users/ezra/.config/herdr/session.json workspaces=1
2026-05-30T04:01:48.013563Z  INFO herdr::logging: pane child exited event="pane.exit" subsystem="pane" outcome="completed" pane_id=3 status="ExitStatus { code: 1, signal: None }"
2026-05-30T04:01:48.032809Z  INFO herdr::pane: pane session terminated pane=3 pid=14555 signal=Hangup
2026-05-30T04:01:48.032904Z  INFO herdr::pane: pane session terminated pane=3 pid=14555 signal=Hangup
2026-05-30T04:01:48.033674Z  WARN herdr::app::actions: PaneDied for unknown pane pane=3
2026-05-30T05:07:21.527755Z  INFO herdr::server::headless: client resize client_id=4 cols=202 rows=43 cell_width_px=0 cell_height_px=0
2026-05-30T05:07:46.365308Z  INFO herdr::app::actions: copied selection to clipboard
2026-05-30T05:07:50.011657Z  INFO herdr::logging: tab focused event="tab.focus" subsystem="tab" outcome="ok" workspace_id="w652f82df8cd801" tab_id="w652f82df8cd801:1"
2026-05-30T05:07:55.015402Z  INFO herdr::logging: session saved event="persist.save" subsystem="persist" outcome="ok" path=/Users/ezra/.config/herdr/session.json workspaces=1
2026-05-30T05:09:27.957879Z  INFO herdr::logging: spawning pane terminal event="pane.spawn.start" subsystem="pane" outcome="started" pane_id=4 rows=42 cols=176 scrollback_limit_bytes=10000000
2026-05-30T05:09:27.959827Z  INFO herdr::logging: tab focused event="tab.focus" subsystem="tab" outcome="ok" workspace_id="w652f82df8cd801" tab_id="w652f82df8cd801:3"
2026-05-30T05:09:27.959872Z  INFO herdr::logging: tab created event="tab.create" subsystem="tab" outcome="ok" workspace_id="w652f82df8cd801" tab_id="w652f82df8cd801:3" pane_id=4
2026-05-30T05:09:27.965603Z  INFO herdr::logging: pane child spawned event="pane.spawned" subsystem="pane" outcome="ok" pane_id=4 pid=83322
2026-05-30T05:09:32.047922Z  INFO herdr::pane: agent changed pane=4 previous_agent=None agent=Some(Pi) process=pi pgid=Some(83562)
2026-05-30T05:09:32.974619Z  INFO herdr::logging: session saved event="persist.save" subsystem="persist" outcome="ok" path=/Users/ezra/.config/herdr/session.json workspaces=1
2026-05-30T05:09:47.222821Z  INFO herdr::logging: api request received event="api.request.start" subsystem="api" outcome="started" request_id="herdr:pi:release:1780117787116:xosl65n18l" method="pane.release_agent" changes_ui=true
2026-05-30T05:09:47.223836Z  INFO herdr::logging: api request completed event="api.request.complete" subsystem="api" outcome="ok" request_id="herdr:pi:release:1780117787116:xosl65n18l" method="pane.release_agent"
2026-05-30T05:09:52.317778Z  INFO herdr::pane: agent changed pane=4 previous_agent=None agent=Some(Pi) process=pi pgid=Some(84860)
2026-05-30T05:10:10.289839Z  INFO herdr::pane: agent changed pane=4 previous_agent=Some(Pi) agent=None pgid=Some(83322)
2026-05-30T05:12:11.353309Z  INFO herdr::pane: agent changed pane=4 previous_agent=None agent=Some(Pi) process=pi pgid=Some(90753)
2026-05-31T17:25:43.361213Z  INFO herdr::logging: spawning pane terminal event="pane.spawn.start" subsystem="pane" outcome="started" pane_id=5 rows=42 cols=176 scrollback_limit_bytes=10000000
2026-05-31T17:25:43.364392Z  INFO herdr::logging: tab focused event="tab.focus" subsystem="tab" outcome="ok" workspace_id="w652f82df8cd801" tab_id="w652f82df8cd801:4"
2026-05-31T17:25:43.364414Z  INFO herdr::logging: tab created event="tab.create" subsystem="tab" outcome="ok" workspace_id="w652f82df8cd801" tab_id="w652f82df8cd801:4" pane_id=5
2026-05-31T17:25:43.366090Z  INFO herdr::logging: pane child spawned event="pane.spawned" subsystem="pane" outcome="ok" pane_id=5 pid=72004
2026-05-31T17:25:48.376569Z  INFO herdr::logging: session saved event="persist.save" subsystem="persist" outcome="ok" path=/Users/ezra/.config/herdr/session.json workspaces=1
2026-05-31T17:25:54.609766Z  INFO herdr::logging: workspace focused event="workspace.focus" subsystem="workspace" outcome="ok" workspace_id="w652f82df8cd801"
2026-05-31T17:25:54.609827Z  INFO herdr::logging: tab focused event="tab.focus" subsystem="tab" outcome="ok" workspace_id="w652f82df8cd801" tab_id="w652f82df8cd801:4"
2026-05-31T17:25:55.307662Z  INFO herdr::logging: workspace focused event="workspace.focus" subsystem="workspace" outcome="ok" workspace_id="w652f82df8cd801"
2026-05-31T17:25:55.307759Z  INFO herdr::logging: tab focused event="tab.focus" subsystem="tab" outcome="ok" workspace_id="w652f82df8cd801" tab_id="w652f82df8cd801:4"
2026-05-31T17:26:00.316337Z  INFO herdr::logging: session saved event="persist.save" subsystem="persist" outcome="ok" path=/Users/ezra/.config/herdr/session.json workspaces=1
2026-05-31T17:27:30.721470Z  INFO herdr::app::actions: copied double-clicked token to clipboard
2026-05-31T17:27:49.035215Z  INFO herdr::pane: agent changed pane=5 previous_agent=None agent=Some(Pi) process=pi pgid=Some(76982)
2026-05-31T17:33:04.434673Z  INFO herdr::app::actions: copied selection to clipboard
2026-05-31T17:33:08.140209Z  INFO herdr::logging: spawning pane terminal event="pane.spawn.start" subsystem="pane" outcome="started" pane_id=6 rows=42 cols=176 scrollback_limit_bytes=10000000
2026-05-31T17:33:08.141420Z  INFO herdr::logging: tab focused event="tab.focus" subsystem="tab" outcome="ok" workspace_id="w652f82df8cd801" tab_id="w652f82df8cd801:5"
2026-05-31T17:33:08.141432Z  INFO herdr::logging: tab created event="tab.create" subsystem="tab" outcome="ok" workspace_id="w652f82df8cd801" tab_id="w652f82df8cd801:5" pane_id=6
2026-05-31T17:33:08.142814Z  INFO herdr::logging: pane child spawned event="pane.spawned" subsystem="pane" outcome="ok" pane_id=6 pid=89552
2026-05-31T17:33:13.154593Z  INFO herdr::logging: session saved event="persist.save" subsystem="persist" outcome="ok" path=/Users/ezra/.config/herdr/session.json workspaces=1
2026-05-31T19:17:11.462524Z  INFO herdr::app::actions: copied selection to clipboard
2026-05-31T19:18:23.007375Z  INFO herdr::logging: pane child exited event="pane.exit" subsystem="pane" outcome="completed" pane_id=6 status="ExitStatus { code: 1, signal: None }"
2026-05-31T19:18:23.010616Z  INFO herdr::pane: pane session terminated pane=6 pid=89552 signal=Hangup
2026-05-31T19:18:23.010674Z  INFO herdr::pane: pane session terminated pane=6 pid=89552 signal=Hangup
2026-05-31T19:18:25.390394Z  INFO herdr::logging: api request received event="api.request.start" subsystem="api" outcome="started" request_id="herdr:pi:release:1780255105280:ufnvjdjt49c" method="pane.release_agent" changes_ui=true
2026-05-31T19:18:25.392207Z  INFO herdr::logging: api request completed event="api.request.complete" subsystem="api" outcome="ok" request_id="herdr:pi:release:1780255105280:ufnvjdjt49c" method="pane.release_agent"
2026-05-31T19:18:26.864857Z  INFO herdr::logging: pane child exited event="pane.exit" subsystem="pane" outcome="completed" pane_id=5 status="ExitStatus { code: 0, signal: None }"
2026-05-31T19:18:26.864908Z  INFO herdr::pane: pane session terminated pane=5 pid=72004 signal=Hangup
2026-05-31T19:18:26.864916Z  INFO herdr::pane: pane session terminated pane=5 pid=72004 signal=Hangup
2026-05-31T19:18:28.319784Z  INFO herdr::logging: api request received event="api.request.start" subsystem="api" outcome="started" request_id="herdr:pi:release:1780255108215:6d6pb7rrm3o" method="pane.release_agent" changes_ui=true
2026-05-31T19:18:28.319957Z  INFO herdr::logging: api request completed event="api.request.complete" subsystem="api" outcome="ok" request_id="herdr:pi:release:1780255108215:6d6pb7rrm3o" method="pane.release_agent"
2026-05-31T19:18:28.935951Z  INFO herdr::logging: pane child exited event="pane.exit" subsystem="pane" outcome="completed" pane_id=4 status="ExitStatus { code: 0, signal: None }"
2026-05-31T19:18:28.936104Z  INFO herdr::pane: pane session terminated pane=4 pid=83322 signal=Hangup
2026-05-31T19:18:28.936116Z  INFO herdr::pane: pane session terminated pane=4 pid=83322 signal=Hangup
2026-05-31T19:18:32.947795Z  INFO herdr::logging: pane child exited event="pane.exit" subsystem="pane" outcome="completed" pane_id=2 status="ExitStatus { code: 0, signal: None }"
2026-05-31T19:18:32.947838Z  INFO herdr::pane: pane session terminated pane=2 pid=14210 signal=Hangup
2026-05-31T19:18:32.947849Z  INFO herdr::pane: pane session terminated pane=2 pid=14210 signal=Hangup
2026-05-31T19:18:37.955765Z  INFO herdr::logging: session saved event="persist.save" subsystem="persist" outcome="ok" path=/Users/ezra/.config/herdr/session.json workspaces=1
2026-05-31T19:51:10.280874Z  INFO herdr::logging: pane child exited event="pane.exit" subsystem="pane" outcome="completed" pane_id=1 status="ExitStatus { code: 0, signal: None }"
2026-05-31T19:51:10.281272Z  INFO herdr::pane: pane session terminated pane=1 pid=11819 signal=Hangup
2026-05-31T19:51:10.281297Z  INFO herdr::pane: pane session terminated pane=1 pid=11819 signal=Hangup
2026-05-31T19:51:13.546242Z  INFO herdr::server::headless: client disconnected client_id=4
2026-05-31T19:51:15.291349Z  INFO herdr::logging: session cleared event="persist.clear" subsystem="persist" outcome="ok" path=/Users/ezra/.config/herdr/session.json
2026-06-03T09:14:37.899743Z  INFO herdr::server::headless: client connected client_id=6 cols=177 rows=33 cell_width_px=0 cell_height_px=0 render_encoding=SemanticFrame
2026-06-03T09:15:06.682827Z  INFO herdr::logging: spawning pane terminal event="pane.spawn.start" subsystem="pane" outcome="started" pane_id=7 rows=24 cols=80 scrollback_limit_bytes=10000000
2026-06-03T09:15:06.686873Z  INFO herdr::logging: workspace created event="workspace.create" subsystem="workspace" outcome="ok" workspace_id="w65355dd1451583" pane_id=7
2026-06-03T09:15:06.686975Z  INFO herdr::logging: workspace focused event="workspace.focus" subsystem="workspace" outcome="ok" workspace_id="w65355dd1451583"
2026-06-03T09:15:06.687076Z  INFO herdr::logging: tab focused event="tab.focus" subsystem="tab" outcome="ok" workspace_id="w65355dd1451583" tab_id="w65355dd1451583:1"
2026-06-03T09:15:06.695037Z  INFO herdr::logging: pane child spawned event="pane.spawned" subsystem="pane" outcome="ok" pane_id=7 pid=84311
2026-06-03T09:15:11.704190Z  INFO herdr::logging: session saved event="persist.save" subsystem="persist" outcome="ok" path=/Users/ezra/.config/herdr/session.json workspaces=1
2026-06-03T09:16:07.893124Z  INFO herdr::server::headless: client connected client_id=8 cols=49 rows=25 cell_width_px=0 cell_height_px=0 render_encoding=SemanticFrame
2026-06-03T09:16:45.014206Z  INFO herdr::server::headless: client resize client_id=8 cols=109 rows=1 cell_width_px=0 cell_height_px=0
2026-06-03T09:17:02.402562Z  INFO herdr::server::headless: client resize client_id=8 cols=49 rows=27 cell_width_px=0 cell_height_px=0
2026-06-03T09:17:02.507114Z  INFO herdr::server::headless: client resize client_id=8 cols=49 rows=25 cell_width_px=0 cell_height_px=0
2026-06-03T09:17:11.515957Z  INFO herdr::server::headless: client resize client_id=8 cols=49 rows=21 cell_width_px=0 cell_height_px=0
2026-06-03T09:17:14.936317Z  INFO herdr::server::headless: client resize client_id=8 cols=49 rows=23 cell_width_px=0 cell_height_px=0
2026-06-03T09:17:15.245373Z  INFO herdr::server::headless: client resize client_id=8 cols=49 rows=25 cell_width_px=0 cell_height_px=0
2026-06-03T09:18:18.468769Z  INFO herdr::server::headless: client resize client_id=8 cols=49 rows=40 cell_width_px=0 cell_height_px=0
2026-06-03T09:18:18.989736Z  INFO herdr::server::headless: client resize client_id=8 cols=49 rows=25 cell_width_px=0 cell_height_px=0
2026-06-03T09:18:19.923231Z  INFO herdr::server::headless: client resize client_id=8 cols=49 rows=40 cell_width_px=0 cell_height_px=0
2026-06-03T09:18:23.034873Z  INFO herdr::server::headless: client resize client_id=8 cols=49 rows=25 cell_width_px=0 cell_height_px=0
2026-06-03T09:19:37.364591Z  INFO herdr::logging: spawning pane terminal event="pane.spawn.start" subsystem="pane" outcome="started" pane_id=8 rows=23 cols=49 scrollback_limit_bytes=10000000
2026-06-03T09:19:37.365208Z  INFO herdr::logging: tab focused event="tab.focus" subsystem="tab" outcome="ok" workspace_id="w65355dd1451583" tab_id="w65355dd1451583:2"
2026-06-03T09:19:37.365232Z  INFO herdr::logging: tab created event="tab.create" subsystem="tab" outcome="ok" workspace_id="w65355dd1451583" tab_id="w65355dd1451583:2" pane_id=8
2026-06-03T09:19:37.368194Z  INFO herdr::logging: pane child spawned event="pane.spawned" subsystem="pane" outcome="ok" pane_id=8 pid=91709
2026-06-03T09:19:42.377109Z  INFO herdr::logging: session saved event="persist.save" subsystem="persist" outcome="ok" path=/Users/ezra/.config/herdr/session.json workspaces=1
2026-06-03T09:20:05.897499Z  INFO herdr::server::headless: client resize client_id=8 cols=109 rows=1 cell_width_px=0 cell_height_px=0
2026-06-03T09:20:09.015714Z  INFO herdr::server::headless: client resize client_id=8 cols=49 rows=27 cell_width_px=0 cell_height_px=0
2026-06-03T09:20:09.118647Z  INFO herdr::server::headless: client resize client_id=8 cols=49 rows=25 cell_width_px=0 cell_height_px=0
2026-06-03T09:20:24.316827Z  INFO herdr::server::headless: client resize client_id=8 cols=49 rows=21 cell_width_px=0 cell_height_px=0
2026-06-03T09:20:28.724911Z  INFO herdr::server::headless: client resize client_id=8 cols=49 rows=23 cell_width_px=0 cell_height_px=0
2026-06-03T09:20:29.048406Z  INFO herdr::server::headless: client resize client_id=8 cols=49 rows=25 cell_width_px=0 cell_height_px=0
2026-06-03T09:20:35.515966Z  INFO herdr::server::headless: client resize client_id=8 cols=109 rows=1 cell_width_px=0 cell_height_px=0
2026-06-03T09:20:39.519320Z  INFO herdr::server::headless: client resize client_id=8 cols=49 rows=25 cell_width_px=0 cell_height_px=0
2026-06-03T09:20:42.648015Z  INFO herdr::server::headless: client resize client_id=8 cols=49 rows=21 cell_width_px=0 cell_height_px=0
2026-06-03T09:20:43.836199Z  INFO herdr::server::headless: client resize client_id=8 cols=49 rows=23 cell_width_px=0 cell_height_px=0
2026-06-03T09:20:44.156053Z  INFO herdr::server::headless: client resize client_id=8 cols=49 rows=25 cell_width_px=0 cell_height_px=0
2026-06-03T09:20:45.225133Z  INFO herdr::server::headless: client resize client_id=8 cols=109 rows=1 cell_width_px=0 cell_height_px=0
2026-06-03T09:20:46.395371Z  INFO herdr::server::headless: client resize client_id=8 cols=109 rows=4 cell_width_px=0 cell_height_px=0
2026-06-03T09:20:47.673042Z  INFO herdr::server::headless: client resize client_id=8 cols=109 rows=6 cell_width_px=0 cell_height_px=0
2026-06-03T09:20:47.993444Z  INFO herdr::server::headless: client resize client_id=8 cols=109 rows=8 cell_width_px=0 cell_height_px=0
2026-06-03T09:20:51.092514Z  INFO herdr::server::headless: client resize client_id=8 cols=109 rows=16 cell_width_px=0 cell_height_px=0
2026-06-03T09:21:03.574759Z  INFO herdr::logging: tab focused event="tab.focus" subsystem="tab" outcome="ok" workspace_id="w65355dd1451583" tab_id="w65355dd1451583:1"
2026-06-03T09:21:03.593298Z  INFO herdr::logging: tab focused event="tab.focus" subsystem="tab" outcome="ok" workspace_id="w65355dd1451583" tab_id="w65355dd1451583:2"
2026-06-03T09:21:03.611490Z  INFO herdr::logging: tab focused event="tab.focus" subsystem="tab" outcome="ok" workspace_id="w65355dd1451583" tab_id="w65355dd1451583:1"
2026-06-03T09:21:03.626155Z  INFO herdr::logging: tab focused event="tab.focus" subsystem="tab" outcome="ok" workspace_id="w65355dd1451583" tab_id="w65355dd1451583:2"
2026-06-03T09:21:03.643290Z  INFO herdr::logging: tab focused event="tab.focus" subsystem="tab" outcome="ok" workspace_id="w65355dd1451583" tab_id="w65355dd1451583:1"
2026-06-03T09:21:03.662501Z  INFO herdr::logging: tab focused event="tab.focus" subsystem="tab" outcome="ok" workspace_id="w65355dd1451583" tab_id="w65355dd1451583:2"
2026-06-03T09:21:03.693939Z  INFO herdr::logging: tab focused event="tab.focus" subsystem="tab" outcome="ok" workspace_id="w65355dd1451583" tab_id="w65355dd1451583:1"
2026-06-03T09:21:03.709811Z  INFO herdr::logging: tab focused event="tab.focus" subsystem="tab" outcome="ok" workspace_id="w65355dd1451583" tab_id="w65355dd1451583:2"
2026-06-03T09:21:03.743890Z  INFO herdr::logging: tab focused event="tab.focus" subsystem="tab" outcome="ok" workspace_id="w65355dd1451583" tab_id="w65355dd1451583:1"
2026-06-03T09:21:03.776397Z  INFO herdr::logging: tab focused event="tab.focus" subsystem="tab" outcome="ok" workspace_id="w65355dd1451583" tab_id="w65355dd1451583:2"
2026-06-03T09:21:03.828931Z  INFO herdr::logging: tab focused event="tab.focus" subsystem="tab" outcome="ok" workspace_id="w65355dd1451583" tab_id="w65355dd1451583:1"
2026-06-03T09:21:08.839487Z  INFO herdr::logging: session saved event="persist.save" subsystem="persist" outcome="ok" path=/Users/ezra/.config/herdr/session.json workspaces=1
2026-06-03T09:26:12.015918Z  INFO herdr::server::headless: client resize client_id=8 cols=49 rows=43 cell_width_px=0 cell_height_px=0
2026-06-03T09:26:12.766600Z  INFO herdr::server::headless: client disconnected client_id=8
2026-06-03T11:58:37.312520Z  INFO herdr::logging: pane child exited event="pane.exit" subsystem="pane" outcome="completed" pane_id=7 status="ExitStatus { code: 0, signal: None }"
2026-06-03T11:58:37.314017Z  INFO herdr::pane: pane session terminated pane=7 pid=84311 signal=Hangup
2026-06-03T11:58:37.314125Z  INFO herdr::pane: pane session terminated pane=7 pid=84311 signal=Hangup
2026-06-03T11:58:40.339393Z  INFO herdr::logging: pane child exited event="pane.exit" subsystem="pane" outcome="completed" pane_id=8 status="ExitStatus { code: 0, signal: None }"
2026-06-03T11:58:40.339440Z  INFO herdr::pane: pane session terminated pane=8 pid=91709 signal=Hangup
2026-06-03T11:58:40.339448Z  INFO herdr::pane: pane session terminated pane=8 pid=91709 signal=Hangup
2026-06-03T11:58:41.558463Z  INFO herdr::server::headless: client detach requested via keybind client_id=6
2026-06-03T11:58:41.562086Z  INFO herdr::server::headless: client disconnected client_id=6
2026-06-03T11:58:45.346390Z  INFO herdr::logging: session cleared event="persist.clear" subsystem="persist" outcome="ok" path=/Users/ezra/.config/herdr/session.json
2026-06-09T15:24:30.150562Z  INFO herdr::platform::macos: raised server file descriptor soft limit previous=256 target=8192
2026-06-09T15:24:30.151532Z  INFO herdr::api::server: api server listening path=/Users/ezra/.config/herdr/herdr.sock
2026-06-09T15:24:30.152304Z  INFO herdr::app: using pane scrollback configuration pane_scrollback_limit_bytes=10000000
2026-06-09T15:24:30.156726Z  INFO herdr::logging: checking for updates event="update.check.start" subsystem="update" outcome="started"
2026-06-09T15:24:30.156994Z  INFO herdr::server::headless: client protocol socket listening path=/Users/ezra/.config/herdr/herdr-client.sock
2026-06-09T15:24:30.157024Z  INFO herdr::server::headless: herdr server started api_socket=/Users/ezra/.config/herdr/herdr.sock client_socket=/Users/ezra/.config/herdr/herdr-client.sock
2026-06-09T15:24:30.157069Z  INFO herdr::logging: herdr starting event="app.startup" subsystem="server" outcome="started" pid=28418
2026-06-09T15:24:30.413319Z  INFO herdr::server::headless: client connected client_id=2 cols=177 rows=33 cell_width_px=0 cell_height_px=0 render_encoding=SemanticFrame
2026-06-09T15:24:31.806479Z  INFO herdr::logging: update available event="update.available" subsystem="update" outcome="ok" version="0.6.8"
2026-06-09T15:24:31.806581Z  INFO herdr::update: new version v0.6.8 available at https://github.com/ogulcancelik/herdr/releases/download/v0.6.8/herdr-macos-aarch64
2026-06-09T15:24:31.808137Z  INFO herdr::update: auto-update check: v0.6.8 available, waiting for explicit install
2026-06-09T15:24:56.679124Z  INFO herdr::server::headless: client connected client_id=4 cols=49 rows=25 cell_width_px=0 cell_height_px=0 render_encoding=SemanticFrame
2026-06-09T15:24:58.367006Z  INFO herdr::logging: spawning pane terminal event="pane.spawn.start" subsystem="pane" outcome="started" pane_id=1 rows=24 cols=80 scrollback_limit_bytes=10000000
2026-06-09T15:24:58.374432Z  INFO herdr::logging: workspace created event="workspace.create" subsystem="workspace" outcome="ok" workspace_id="w653d3badad5131" pane_id=1
2026-06-09T15:24:58.374464Z  INFO herdr::logging: workspace focused event="workspace.focus" subsystem="workspace" outcome="ok" workspace_id="w653d3badad5131"
2026-06-09T15:24:58.374779Z  INFO herdr::logging: tab focused event="tab.focus" subsystem="tab" outcome="ok" workspace_id="w653d3badad5131" tab_id="w653d3badad5131:1"
2026-06-09T15:24:58.375546Z  INFO herdr::logging: pane child spawned event="pane.spawned" subsystem="pane" outcome="ok" pane_id=1 pid=28573
2026-06-09T15:25:03.381027Z  INFO herdr::logging: session saved event="persist.save" subsystem="persist" outcome="ok" path=/Users/ezra/.config/herdr/session.json workspaces=1
2026-06-09T15:25:40.423280Z  INFO herdr::server::headless: client resize client_id=4 cols=49 rows=40 cell_width_px=0 cell_height_px=0
2026-06-09T15:25:49.398269Z  INFO herdr::server::headless: client resize client_id=4 cols=49 rows=25 cell_width_px=0 cell_height_px=0
2026-06-09T15:26:38.264829Z  INFO herdr::server::headless: client resize client_id=4 cols=49 rows=40 cell_width_px=0 cell_height_px=0
2026-06-09T15:35:09.670517Z  INFO herdr::server::headless: client disconnected client_id=4
2026-06-09T15:49:00.155061Z  INFO herdr::app::actions: copied double-clicked token to clipboard
2026-07-03T05:41:04.379238Z  INFO herdr::platform::macos: raised server file descriptor soft limit previous=256 target=8192
2026-07-03T05:41:04.380621Z  INFO herdr::api::server: api server listening path=/Users/ezra/.config/herdr/herdr.sock
2026-07-03T05:41:04.384902Z  INFO herdr::logging: spawning pane terminal event="pane.spawn.start" subsystem="pane" outcome="started" pane_id=1 rows=24 cols=80 scrollback_limit_bytes=10000000
2026-07-03T05:41:04.387463Z  INFO herdr::logging: pane child spawned event="pane.spawned" subsystem="pane" outcome="ok" pane_id=1 pid=50525
2026-07-03T05:41:04.403471Z  INFO herdr::logging: session restore evaluated event="persist.restore" subsystem="persist" outcome="ok" workspaces=1
2026-07-03T05:41:04.403571Z  INFO herdr::app: using pane scrollback configuration pane_scrollback_limit_bytes=10000000
2026-07-03T05:41:04.411138Z  INFO herdr::logging: checking for updates event="update.check.start" subsystem="update" outcome="started"
2026-07-03T05:41:04.411668Z  INFO herdr::server::headless: client protocol socket listening path=/Users/ezra/.config/herdr/herdr-client.sock
2026-07-03T05:41:04.411701Z  INFO herdr::server::headless: herdr server started api_socket=/Users/ezra/.config/herdr/herdr.sock client_socket=/Users/ezra/.config/herdr/herdr-client.sock
2026-07-03T05:41:04.411735Z  INFO herdr::logging: herdr starting event="app.startup" subsystem="server" outcome="started" pid=50524
2026-07-03T05:41:04.428224Z  INFO herdr::server::headless: client connected client_id=2 cols=177 rows=31 cell_width_px=0 cell_height_px=0 render_encoding=SemanticFrame
2026-07-03T05:41:05.086511Z  INFO herdr::logging: update available event="update.available" subsystem="update" outcome="ok" version="0.7.1"
2026-07-03T05:41:05.086545Z  INFO herdr::update: new version v0.7.1 available at https://github.com/ogulcancelik/herdr/releases/download/v0.7.1/herdr-macos-aarch64
2026-07-03T05:41:05.088044Z  INFO herdr::update: auto-update check: v0.7.1 available, waiting for explicit install
2026-07-03T05:41:20.155591Z  INFO herdr::logging: pane child exited event="pane.exit" subsystem="pane" outcome="completed" pane_id=1 status="ExitStatus { code: 0, signal: None }"
2026-07-03T05:41:20.155667Z  INFO herdr::pane: pane session terminated pane=1 pid=50525 signal=Hangup
2026-07-03T05:41:20.155686Z  INFO herdr::pane: pane session terminated pane=1 pid=50525 signal=Hangup
2026-07-03T05:41:22.407451Z  INFO herdr::server::headless: client disconnected client_id=2
2026-07-03T05:41:25.162474Z  INFO herdr::logging: session cleared event="persist.clear" subsystem="persist" outcome="ok" path=/Users/ezra/.config/herdr/session.json
2026-07-03T05:41:46.482427Z  INFO herdr::server::headless: server shutdown initiated
2026-07-03T05:41:46.535863Z  INFO herdr::server::headless: completing server shutdown
2026-07-03T05:41:46.536652Z  INFO herdr::logging: session cleared event="persist.clear" subsystem="persist" outcome="ok" path=/Users/ezra/.config/herdr/session.json
2026-07-03T05:41:46.536685Z  INFO herdr::server::headless: headless server exiting
2026-07-03T05:41:46.537626Z  INFO herdr::logging: herdr exiting event="app.shutdown" subsystem="server" outcome="completed" pid=50524
2026-07-03T05:42:28.583135Z  INFO herdr::platform::macos: raised server file descriptor soft limit previous=256 target=8192
2026-07-03T05:42:28.583827Z  INFO herdr::api::server: api server listening path=/Users/ezra/.config/herdr/herdr.sock
2026-07-03T05:42:28.584551Z  INFO herdr::app: using pane scrollback configuration pane_scrollback_limit_bytes=10000000
2026-07-03T05:42:28.603131Z  INFO herdr::logging: checking for updates event="update.check.start" subsystem="update" outcome="started"
2026-07-03T05:42:28.604908Z  INFO herdr::logging: spawning pane terminal event="pane.spawn.start" subsystem="pane" outcome="started" pane_id=1 rows=24 cols=80 scrollback_limit_bytes=10000000
2026-07-03T05:42:28.608537Z  INFO herdr::logging: pane child spawned event="pane.spawned" subsystem="pane" outcome="ok" pane_id=1 pid=51303
2026-07-03T05:42:28.608993Z  INFO herdr::logging: workspace created event="workspace.create" subsystem="workspace" outcome="ok" workspace_id="w1" pane_id=1
2026-07-03T05:42:28.609035Z  INFO herdr::logging: workspace focused event="workspace.focus" subsystem="workspace" outcome="ok" workspace_id="w1"
2026-07-03T05:42:28.609079Z  INFO herdr::logging: tab focused event="tab.focus" subsystem="tab" outcome="ok" workspace_id="w1" tab_id="w1:t1"
2026-07-03T05:42:28.609089Z  INFO herdr::server::headless: created startup workspace cwd=/Users/ezra/Developer/Work/01 Projects/code/e-commerce/redapple2026/my-project
2026-07-03T05:42:28.609251Z  INFO herdr::server::headless: client protocol socket listening path=/Users/ezra/.config/herdr/herdr-client.sock
2026-07-03T05:42:28.609273Z  INFO herdr::server::headless: herdr server started api_socket=/Users/ezra/.config/herdr/herdr.sock client_socket=/Users/ezra/.config/herdr/herdr-client.sock
2026-07-03T05:42:28.609304Z  INFO herdr::logging: herdr starting event="app.startup" subsystem="server" outcome="started" pid=51280
2026-07-03T05:42:28.862820Z  INFO herdr::server::headless: client connected client_id=2 cols=177 rows=31 cell_width_px=0 cell_height_px=0 render_encoding=SemanticFrame
2026-07-03T05:42:33.614056Z  INFO herdr::logging: session saved event="persist.save" subsystem="persist" outcome="ok" path=/Users/ezra/.config/herdr/session.json workspaces=1
2026-07-03T06:12:28.617306Z  INFO herdr::logging: checking for updates event="update.check.start" subsystem="update" outcome="started"
2026-07-03T06:50:23.302332Z  INFO herdr::logging: checking for updates event="update.check.start" subsystem="update" outcome="started"
2026-07-03T06:50:31.950572Z  WARN herdr::logging: update check failed event="update.check.complete" subsystem="update" outcome="error" err="failed to fetch update manifest"
2026-07-03T06:50:41.360601Z  WARN herdr::detect::manifest_update: agent detection manifest update failed: failed to fetch https://herdr.dev/agent-detection/index.toml
2026-07-03T07:20:23.309305Z  INFO herdr::logging: checking for updates event="update.check.start" subsystem="update" outcome="started"
2026-07-03T07:20:23.351895Z  WARN herdr::logging: update check failed event="update.check.complete" subsystem="update" outcome="error" err="failed to fetch update manifest"
2026-07-03T07:20:23.352034Z  WARN herdr::detect::manifest_update: agent detection manifest update failed: failed to fetch https://herdr.dev/agent-detection/index.toml
2026-07-03T07:50:23.315795Z  INFO herdr::logging: checking for updates event="update.check.start" subsystem="update" outcome="started"
2026-07-03T07:50:23.354602Z  WARN herdr::detect::manifest_update: agent detection manifest update failed: failed to fetch https://herdr.dev/agent-detection/index.toml
2026-07-03T07:50:23.354601Z  WARN herdr::logging: update check failed event="update.check.complete" subsystem="update" outcome="error" err="failed to fetch update manifest"
2026-07-03T08:20:23.323955Z  INFO herdr::logging: checking for updates event="update.check.start" subsystem="update" outcome="started"
2026-07-03T08:20:23.359641Z  WARN herdr::detect::manifest_update: agent detection manifest update failed: failed to fetch https://herdr.dev/agent-detection/index.toml
2026-07-03T08:20:23.359827Z  WARN herdr::logging: update check failed event="update.check.complete" subsystem="update" outcome="error" err="failed to fetch update manifest"
2026-07-03T08:50:23.325141Z  INFO herdr::logging: checking for updates event="update.check.start" subsystem="update" outcome="started"
2026-07-03T08:50:23.363706Z  WARN herdr::detect::manifest_update: agent detection manifest update failed: failed to fetch https://herdr.dev/agent-detection/index.toml
2026-07-03T08:50:23.363706Z  WARN herdr::logging: update check failed event="update.check.complete" subsystem="update" outcome="error" err="failed to fetch update manifest"
2026-07-03T09:20:23.324484Z  INFO herdr::logging: checking for updates event="update.check.start" subsystem="update" outcome="started"
2026-07-03T09:20:23.359320Z  WARN herdr::detect::manifest_update: agent detection manifest update failed: failed to fetch https://herdr.dev/agent-detection/index.toml
2026-07-03T09:20:23.359320Z  WARN herdr::logging: update check failed event="update.check.complete" subsystem="update" outcome="error" err="failed to fetch update manifest"
2026-07-03T09:50:23.323545Z  INFO herdr::logging: checking for updates event="update.check.start" subsystem="update" outcome="started"
2026-07-03T09:50:28.363256Z  WARN herdr::logging: update check failed event="update.check.complete" subsystem="update" outcome="error" err="failed to fetch update manifest"
2026-07-03T09:50:29.375387Z  WARN herdr::detect::manifest_update: agent detection manifest update failed: failed to fetch https://herdr.dev/agent-detection/index.toml
2026-07-03T10:20:23.325241Z  INFO herdr::logging: checking for updates event="update.check.start" subsystem="update" outcome="started"
2026-07-03T10:20:23.358171Z  WARN herdr::detect::manifest_update: agent detection manifest update failed: failed to fetch https://herdr.dev/agent-detection/index.toml
2026-07-03T10:20:23.358886Z  WARN herdr::logging: update check failed event="update.check.complete" subsystem="update" outcome="error" err="failed to fetch update manifest"
2026-07-03T10:50:23.324903Z  INFO herdr::logging: checking for updates event="update.check.start" subsystem="update" outcome="started"
2026-07-03T10:50:23.373679Z  WARN herdr::detect::manifest_update: agent detection manifest update failed: failed to fetch https://herdr.dev/agent-detection/index.toml
2026-07-03T10:50:23.373754Z  WARN herdr::logging: update check failed event="update.check.complete" subsystem="update" outcome="error" err="failed to fetch update manifest"
2026-07-03T11:20:23.326586Z  INFO herdr::logging: checking for updates event="update.check.start" subsystem="update" outcome="started"
2026-07-03T11:20:23.361610Z  WARN herdr::logging: update check failed event="update.check.complete" subsystem="update" outcome="error" err="failed to fetch update manifest"
2026-07-03T11:20:23.361705Z  WARN herdr::detect::manifest_update: agent detection manifest update failed: failed to fetch https://herdr.dev/agent-detection/index.toml
2026-07-03T11:50:23.328896Z  INFO herdr::logging: checking for updates event="update.check.start" subsystem="update" outcome="started"
2026-07-03T11:50:23.368964Z  WARN herdr::detect::manifest_update: agent detection manifest update failed: failed to fetch https://herdr.dev/agent-detection/index.toml
2026-07-03T11:50:23.369129Z  WARN herdr::logging: update check failed event="update.check.complete" subsystem="update" outcome="error" err="failed to fetch update manifest"
2026-07-03T12:20:23.328074Z  INFO herdr::logging: checking for updates event="update.check.start" subsystem="update" outcome="started"
2026-07-03T12:20:23.365785Z  WARN herdr::logging: update check failed event="update.check.complete" subsystem="update" outcome="error" err="failed to fetch update manifest"
2026-07-03T12:20:23.365811Z  WARN herdr::detect::manifest_update: agent detection manifest update failed: failed to fetch https://herdr.dev/agent-detection/index.toml
2026-07-03T12:50:23.330251Z  INFO herdr::logging: checking for updates event="update.check.start" subsystem="update" outcome="started"
2026-07-03T12:50:23.365834Z  WARN herdr::detect::manifest_update: agent detection manifest update failed: failed to fetch https://herdr.dev/agent-detection/index.toml
2026-07-03T12:50:23.366132Z  WARN herdr::logging: update check failed event="update.check.complete" subsystem="update" outcome="error" err="failed to fetch update manifest"
2026-07-03T13:20:23.330984Z  INFO herdr::logging: checking for updates event="update.check.start" subsystem="update" outcome="started"
2026-07-03T13:20:28.377654Z  WARN herdr::logging: update check failed event="update.check.complete" subsystem="update" outcome="error" err="failed to fetch update manifest"
2026-07-03T13:20:29.386699Z  WARN herdr::detect::manifest_update: agent detection manifest update failed: failed to fetch https://herdr.dev/agent-detection/index.toml
2026-07-03T13:50:23.340332Z  INFO herdr::logging: checking for updates event="update.check.start" subsystem="update" outcome="started"
2026-07-03T13:50:23.375960Z  WARN herdr::logging: update check failed event="update.check.complete" subsystem="update" outcome="error" err="failed to fetch update manifest"
2026-07-03T13:50:23.375964Z  WARN herdr::detect::manifest_update: agent detection manifest update failed: failed to fetch https://herdr.dev/agent-detection/index.toml
2026-07-03T14:20:23.345697Z  INFO herdr::logging: checking for updates event="update.check.start" subsystem="update" outcome="started"
2026-07-03T14:20:23.386651Z  WARN herdr::detect::manifest_update: agent detection manifest update failed: failed to fetch https://herdr.dev/agent-detection/index.toml
2026-07-03T14:20:23.386651Z  WARN herdr::logging: update check failed event="update.check.complete" subsystem="update" outcome="error" err="failed to fetch update manifest"
2026-07-03T14:50:23.349819Z  INFO herdr::logging: checking for updates event="update.check.start" subsystem="update" outcome="started"
2026-07-03T14:50:23.385741Z  WARN herdr::detect::manifest_update: agent detection manifest update failed: failed to fetch https://herdr.dev/agent-detection/index.toml
2026-07-03T14:50:23.385741Z  WARN herdr::logging: update check failed event="update.check.complete" subsystem="update" outcome="error" err="failed to fetch update manifest"
2026-07-03T15:20:23.356628Z  INFO herdr::logging: checking for updates event="update.check.start" subsystem="update" outcome="started"
2026-07-03T15:20:23.389322Z  WARN herdr::logging: update check failed event="update.check.complete" subsystem="update" outcome="error" err="failed to fetch update manifest"
2026-07-03T15:20:23.389679Z  WARN herdr::detect::manifest_update: agent detection manifest update failed: failed to fetch https://herdr.dev/agent-detection/index.toml
2026-07-03T15:50:23.359751Z  INFO herdr::logging: checking for updates event="update.check.start" subsystem="update" outcome="started"
2026-07-03T15:50:23.417986Z  WARN herdr::logging: update check failed event="update.check.complete" subsystem="update" outcome="error" err="failed to fetch update manifest"
2026-07-03T15:50:23.418218Z  WARN herdr::detect::manifest_update: agent detection manifest update failed: failed to fetch https://herdr.dev/agent-detection/index.toml
2026-07-03T16:20:23.365822Z  INFO herdr::logging: checking for updates event="update.check.start" subsystem="update" outcome="started"
2026-07-03T16:25:16.537712Z  INFO herdr::logging: spawning pane terminal event="pane.spawn.start" subsystem="pane" outcome="started" pane_id=2 rows=30 cols=151 scrollback_limit_bytes=10000000
2026-07-03T16:25:16.553085Z  INFO herdr::logging: pane child spawned event="pane.spawned" subsystem="pane" outcome="ok" pane_id=2 pid=96319
2026-07-03T16:25:16.553819Z  INFO herdr::logging: workspace created event="workspace.create" subsystem="workspace" outcome="ok" workspace_id="w2" pane_id=2
2026-07-03T16:25:16.554006Z  INFO herdr::logging: workspace focused event="workspace.focus" subsystem="workspace" outcome="ok" workspace_id="w2"
2026-07-03T16:25:16.554029Z  INFO herdr::logging: tab focused event="tab.focus" subsystem="tab" outcome="ok" workspace_id="w2" tab_id="w2:t1"
2026-07-03T16:25:21.564002Z  INFO herdr::logging: session saved event="persist.save" subsystem="persist" outcome="ok" path=/Users/ezra/.config/herdr/session.json workspaces=2
2026-07-03T16:25:43.786841Z  INFO herdr::logging: workspace focused event="workspace.focus" subsystem="workspace" outcome="ok" workspace_id="w1"
2026-07-03T16:25:43.786990Z  INFO herdr::logging: tab focused event="tab.focus" subsystem="tab" outcome="ok" workspace_id="w1" tab_id="w1:t1"
2026-07-03T16:25:46.853031Z  INFO herdr::logging: workspace focused event="workspace.focus" subsystem="workspace" outcome="ok" workspace_id="w2"
2026-07-03T16:25:46.853097Z  INFO herdr::logging: tab focused event="tab.focus" subsystem="tab" outcome="ok" workspace_id="w2" tab_id="w2:t1"
2026-07-03T16:25:51.860041Z  INFO herdr::logging: session saved event="persist.save" subsystem="persist" outcome="ok" path=/Users/ezra/.config/herdr/session.json workspaces=2
2026-07-03T16:30:45.739386Z  INFO herdr::server::headless: client resize client_id=2 cols=202 rows=43 cell_width_px=0 cell_height_px=0
2026-07-03T16:30:46.984150Z  INFO herdr::logging: workspace focused event="workspace.focus" subsystem="workspace" outcome="ok" workspace_id="w1"
2026-07-03T16:30:46.984194Z  INFO herdr::logging: tab focused event="tab.focus" subsystem="tab" outcome="ok" workspace_id="w1" tab_id="w1:t1"
2026-07-03T16:30:48.955435Z  INFO herdr::logging: workspace focused event="workspace.focus" subsystem="workspace" outcome="ok" workspace_id="w2"
2026-07-03T16:30:48.955587Z  INFO herdr::logging: tab focused event="tab.focus" subsystem="tab" outcome="ok" workspace_id="w2" tab_id="w2:t1"
2026-07-03T16:30:53.960867Z  INFO herdr::logging: session saved event="persist.save" subsystem="persist" outcome="ok" path=/Users/ezra/.config/herdr/session.json workspaces=2
2026-07-03T16:30:54.646626Z  INFO herdr::server::headless: client resize client_id=2 cols=213 rows=46 cell_width_px=0 cell_height_px=0
2026-07-03T16:30:54.751734Z  INFO herdr::server::headless: client resize client_id=2 cols=225 rows=48 cell_width_px=0 cell_height_px=0
2026-07-03T16:30:55.373667Z  INFO herdr::server::headless: client resize client_id=2 cols=238 rows=52 cell_width_px=0 cell_height_px=0
2026-07-03T16:30:55.579742Z  INFO herdr::server::headless: client resize client_id=2 cols=253 rows=57 cell_width_px=0 cell_height_px=0
2026-07-03T16:30:57.668322Z  INFO herdr::logging: workspace focused event="workspace.focus" subsystem="workspace" outcome="ok" workspace_id="w1"
2026-07-03T16:30:57.668467Z  INFO herdr::logging: tab focused event="tab.focus" subsystem="tab" outcome="ok" workspace_id="w1" tab_id="w1:t1"
2026-07-03T16:31:02.671742Z  INFO herdr::logging: session saved event="persist.save" subsystem="persist" outcome="ok" path=/Users/ezra/.config/herdr/session.json workspaces=2
2026-07-03T16:50:21.343243Z  INFO herdr::logging: checking for updates event="update.check.start" subsystem="update" outcome="started"
2026-07-03T17:14:28.413016Z  INFO herdr::logging: workspace focused event="workspace.focus" subsystem="workspace" outcome="ok" workspace_id="w2"
2026-07-03T17:14:28.414335Z  INFO herdr::logging: tab focused event="tab.focus" subsystem="tab" outcome="ok" workspace_id="w2" tab_id="w2:t1"
2026-07-03T17:14:33.418172Z  INFO herdr::logging: session saved event="persist.save" subsystem="persist" outcome="ok" path=/Users/ezra/.config/herdr/session.json workspaces=2
2026-07-03T17:15:19.836149Z  INFO herdr::logging: workspace focused event="workspace.focus" subsystem="workspace" outcome="ok" workspace_id="w1"
2026-07-03T17:15:19.837261Z  INFO herdr::logging: tab focused event="tab.focus" subsystem="tab" outcome="ok" workspace_id="w1" tab_id="w1:t1"
2026-07-03T17:15:22.370699Z  INFO herdr::logging: spawning pane terminal event="pane.spawn.start" subsystem="pane" outcome="started" pane_id=3 rows=56 cols=227 scrollback_limit_bytes=10000000
2026-07-03T17:15:22.376584Z  INFO herdr::logging: pane child spawned event="pane.spawned" subsystem="pane" outcome="ok" pane_id=3 pid=1552
2026-07-03T17:15:22.377725Z  INFO herdr::logging: workspace created event="workspace.create" subsystem="workspace" outcome="ok" workspace_id="w3" pane_id=3
2026-07-03T17:15:22.377756Z  INFO herdr::logging: workspace focused event="workspace.focus" subsystem="workspace" outcome="ok" workspace_id="w3"
2026-07-03T17:15:22.377768Z  INFO herdr::logging: tab focused event="tab.focus" subsystem="tab" outcome="ok" workspace_id="w3" tab_id="w3:t1"
2026-07-03T17:15:27.389332Z  INFO herdr::logging: session saved event="persist.save" subsystem="persist" outcome="ok" path=/Users/ezra/.config/herdr/session.json workspaces=3
2026-07-03T17:16:26.897778Z  INFO herdr::logging: workspace focused event="workspace.focus" subsystem="workspace" outcome="ok" workspace_id="w2"
2026-07-03T17:16:26.898866Z  INFO herdr::logging: tab focused event="tab.focus" subsystem="tab" outcome="ok" workspace_id="w2" tab_id="w2:t1"
2026-07-03T17:16:31.905944Z  INFO herdr::logging: session saved event="persist.save" subsystem="persist" outcome="ok" path=/Users/ezra/.config/herdr/session.json workspaces=3
2026-07-03T17:16:57.604343Z  INFO herdr::app::actions: copied selection to clipboard
2026-07-03T17:17:35.965705Z  INFO herdr::app::actions: copied selection to clipboard
2026-07-03T17:17:38.137860Z  INFO herdr::logging: workspace focused event="workspace.focus" subsystem="workspace" outcome="ok" workspace_id="w1"
2026-07-03T17:17:38.137976Z  INFO herdr::logging: tab focused event="tab.focus" subsystem="tab" outcome="ok" workspace_id="w1" tab_id="w1:t1"
2026-07-03T17:17:43.148435Z  INFO herdr::logging: session saved event="persist.save" subsystem="persist" outcome="ok" path=/Users/ezra/.config/herdr/session.json workspaces=3
2026-07-03T17:20:21.238681Z  INFO herdr::logging: checking for updates event="update.check.start" subsystem="update" outcome="started"
2026-07-03T17:21:03.977368Z  INFO herdr::logging: workspace focused event="workspace.focus" subsystem="workspace" outcome="ok" workspace_id="w2"
2026-07-03T17:21:03.977600Z  INFO herdr::logging: tab focused event="tab.focus" subsystem="tab" outcome="ok" workspace_id="w2" tab_id="w2:t1"
2026-07-03T17:21:08.984913Z  INFO herdr::logging: session saved event="persist.save" subsystem="persist" outcome="ok" path=/Users/ezra/.config/herdr/session.json workspaces=3
2026-07-03T17:21:45.349964Z  INFO herdr::app::actions: copied selection to clipboard
2026-07-03T17:25:26.512277Z  INFO herdr::logging: spawning pane terminal event="pane.spawn.start" subsystem="pane" outcome="started" pane_id=4 rows=56 cols=227 scrollback_limit_bytes=10000000
2026-07-03T17:25:26.527241Z  INFO herdr::logging: pane child spawned event="pane.spawned" subsystem="pane" outcome="ok" pane_id=4 pid=3645
2026-07-03T17:25:26.528337Z  INFO herdr::logging: workspace created event="workspace.create" subsystem="workspace" outcome="ok" workspace_id="w4" pane_id=4
2026-07-03T17:25:26.528387Z  INFO herdr::logging: workspace focused event="workspace.focus" subsystem="workspace" outcome="ok" workspace_id="w4"
2026-07-03T17:25:26.528402Z  INFO herdr::logging: tab focused event="tab.focus" subsystem="tab" outcome="ok" workspace_id="w4" tab_id="w4:t1"
2026-07-03T17:25:31.542043Z  INFO herdr::logging: session saved event="persist.save" subsystem="persist" outcome="ok" path=/Users/ezra/.config/herdr/session.json workspaces=4
2026-07-03T17:25:38.732297Z  INFO herdr::logging: workspace renamed event="workspace.rename" subsystem="workspace" outcome="ok" workspace_id="w4"
2026-07-03T17:25:40.653071Z  INFO herdr::logging: workspace focused event="workspace.focus" subsystem="workspace" outcome="ok" workspace_id="w3"
2026-07-03T17:25:40.653128Z  INFO herdr::logging: tab focused event="tab.focus" subsystem="tab" outcome="ok" workspace_id="w3" tab_id="w3:t1"
2026-07-03T17:25:41.653028Z  INFO herdr::logging: workspace focused event="workspace.focus" subsystem="workspace" outcome="ok" workspace_id="w2"
2026-07-03T17:25:41.653096Z  INFO herdr::logging: tab focused event="tab.focus" subsystem="tab" outcome="ok" workspace_id="w2" tab_id="w2:t1"
2026-07-03T17:25:43.053955Z  INFO herdr::logging: workspace focused event="workspace.focus" subsystem="workspace" outcome="ok" workspace_id="w1"
2026-07-03T17:25:43.054156Z  INFO herdr::logging: tab focused event="tab.focus" subsystem="tab" outcome="ok" workspace_id="w1" tab_id="w1:t1"
2026-07-03T17:25:48.059556Z  INFO herdr::logging: session saved event="persist.save" subsystem="persist" outcome="ok" path=/Users/ezra/.config/herdr/session.json workspaces=4
2026-07-03T17:25:54.661737Z  INFO herdr::logging: workspace renamed event="workspace.rename" subsystem="workspace" outcome="ok" workspace_id="w1"
2026-07-03T17:25:55.961645Z  INFO herdr::logging: workspace focused event="workspace.focus" subsystem="workspace" outcome="ok" workspace_id="w2"
2026-07-03T17:25:55.961935Z  INFO herdr::logging: tab focused event="tab.focus" subsystem="tab" outcome="ok" workspace_id="w2" tab_id="w2:t1"
2026-07-03T17:26:00.969321Z  INFO herdr::logging: session saved event="persist.save" subsystem="persist" outcome="ok" path=/Users/ezra/.config/herdr/session.json workspaces=4
2026-07-03T17:26:03.394083Z  INFO herdr::logging: workspace renamed event="workspace.rename" subsystem="workspace" outcome="ok" workspace_id="w2"
2026-07-03T17:26:05.160032Z  INFO herdr::logging: workspace focused event="workspace.focus" subsystem="workspace" outcome="ok" workspace_id="w3"
2026-07-03T17:26:05.160112Z  INFO herdr::logging: tab focused event="tab.focus" subsystem="tab" outcome="ok" workspace_id="w3" tab_id="w3:t1"
2026-07-03T17:26:10.167926Z  INFO herdr::logging: session saved event="persist.save" subsystem="persist" outcome="ok" path=/Users/ezra/.config/herdr/session.json workspaces=4
2026-07-03T17:26:14.207066Z  INFO herdr::logging: workspace renamed event="workspace.rename" subsystem="workspace" outcome="ok" workspace_id="w3"
2026-07-03T17:26:15.351057Z  INFO herdr::logging: workspace focused event="workspace.focus" subsystem="workspace" outcome="ok" workspace_id="w4"
2026-07-03T17:26:15.351135Z  INFO herdr::logging: tab focused event="tab.focus" subsystem="tab" outcome="ok" workspace_id="w4" tab_id="w4:t1"
2026-07-03T17:26:20.356441Z  INFO herdr::logging: session saved event="persist.save" subsystem="persist" outcome="ok" path=/Users/ezra/.config/herdr/session.json workspaces=4
2026-07-03T17:27:07.248086Z  INFO herdr::logging: workspace focused event="workspace.focus" subsystem="workspace" outcome="ok" workspace_id="w2"
2026-07-03T17:27:07.248966Z  INFO herdr::logging: tab focused event="tab.focus" subsystem="tab" outcome="ok" workspace_id="w2" tab_id="w2:t1"
2026-07-03T17:27:12.252037Z  INFO herdr::logging: session saved event="persist.save" subsystem="persist" outcome="ok" path=/Users/ezra/.config/herdr/session.json workspaces=4
2026-07-03T17:27:13.511122Z  INFO herdr::logging: workspace focused event="workspace.focus" subsystem="workspace" outcome="ok" workspace_id="w4"
2026-07-03T17:27:13.511239Z  INFO herdr::logging: tab focused event="tab.focus" subsystem="tab" outcome="ok" workspace_id="w4" tab_id="w4:t1"
2026-07-03T17:27:18.516631Z  INFO herdr::logging: session saved event="persist.save" subsystem="persist" outcome="ok" path=/Users/ezra/.config/herdr/session.json workspaces=4
2026-07-03T17:27:19.109519Z  INFO herdr::app::actions: copied selection to clipboard
2026-07-03T17:34:15.232993Z  INFO herdr::logging: workspace focused event="workspace.focus" subsystem="workspace" outcome="ok" workspace_id="w4"
2026-07-03T17:34:15.234472Z  INFO herdr::logging: tab focused event="tab.focus" subsystem="tab" outcome="ok" workspace_id="w4" tab_id="w4:t1"
2026-07-03T17:34:19.284803Z  INFO herdr::logging: workspace focused event="workspace.focus" subsystem="workspace" outcome="ok" workspace_id="w3"
2026-07-03T17:34:19.284914Z  INFO herdr::logging: tab focused event="tab.focus" subsystem="tab" outcome="ok" workspace_id="w3" tab_id="w3:t1"
2026-07-03T17:34:21.281033Z  INFO herdr::logging: workspace focused event="workspace.focus" subsystem="workspace" outcome="ok" workspace_id="w2"
2026-07-03T17:34:21.281091Z  INFO herdr::logging: tab focused event="tab.focus" subsystem="tab" outcome="ok" workspace_id="w2" tab_id="w2:t1"
2026-07-03T17:34:23.377033Z  INFO herdr::logging: workspace focused event="workspace.focus" subsystem="workspace" outcome="ok" workspace_id="w1"
2026-07-03T17:34:23.377202Z  INFO herdr::logging: tab focused event="tab.focus" subsystem="tab" outcome="ok" workspace_id="w1" tab_id="w1:t1"
2026-07-03T17:34:25.052337Z  INFO herdr::logging: workspace focused event="workspace.focus" subsystem="workspace" outcome="ok" workspace_id="w2"
2026-07-03T17:34:25.052484Z  INFO herdr::logging: tab focused event="tab.focus" subsystem="tab" outcome="ok" workspace_id="w2" tab_id="w2:t1"
2026-07-03T17:34:30.061029Z  INFO herdr::logging: session saved event="persist.save" subsystem="persist" outcome="ok" path=/Users/ezra/.config/herdr/session.json workspaces=4
2026-07-03T17:37:39.159135Z  INFO herdr::logging: workspace focused event="workspace.focus" subsystem="workspace" outcome="ok" workspace_id="w3"
2026-07-03T17:37:39.160100Z  INFO herdr::logging: tab focused event="tab.focus" subsystem="tab" outcome="ok" workspace_id="w3" tab_id="w3:t1"
2026-07-03T17:37:44.164817Z  INFO herdr::logging: session saved event="persist.save" subsystem="persist" outcome="ok" path=/Users/ezra/.config/herdr/session.json workspaces=4
2026-07-03T17:39:29.099810Z  INFO herdr::logging: workspace focused event="workspace.focus" subsystem="workspace" outcome="ok" workspace_id="w4"
2026-07-03T17:39:29.100252Z  INFO herdr::logging: tab focused event="tab.focus" subsystem="tab" outcome="ok" workspace_id="w4" tab_id="w4:t1"
2026-07-03T17:39:34.102767Z  INFO herdr::logging: session saved event="persist.save" subsystem="persist" outcome="ok" path=/Users/ezra/.config/herdr/session.json workspaces=4
2026-07-03T17:39:38.499683Z  INFO herdr::app::actions: copied selection to clipboard
2026-07-03T17:50:21.136521Z  INFO herdr::logging: checking for updates event="update.check.start" subsystem="update" outcome="started"
2026-07-03T18:20:21.030751Z  INFO herdr::logging: checking for updates event="update.check.start" subsystem="update" outcome="started"
2026-07-03T18:20:23.189116Z  WARN herdr::detect::manifest_update: agent detection manifest update failed: failed to fetch https://herdr.dev/agent-detection/index.toml
2026-07-03T18:20:23.189107Z  WARN herdr::logging: update check failed event="update.check.complete" subsystem="update" outcome="error" err="failed to fetch update manifest"
2026-07-03T18:50:20.930891Z  INFO herdr::logging: checking for updates event="update.check.start" subsystem="update" outcome="started"
2026-07-03T18:50:23.086765Z  WARN herdr::detect::manifest_update: agent detection manifest update failed: failed to fetch https://herdr.dev/agent-detection/index.toml
2026-07-03T18:50:23.086765Z  WARN herdr::logging: update check failed event="update.check.complete" subsystem="update" outcome="error" err="failed to fetch update manifest"
2026-07-03T19:20:20.825452Z  INFO herdr::logging: checking for updates event="update.check.start" subsystem="update" outcome="started"
2026-07-03T19:20:27.977990Z  WARN herdr::logging: update check failed event="update.check.complete" subsystem="update" outcome="error" err="failed to fetch update manifest"
2026-07-03T19:20:28.993340Z  WARN herdr::detect::manifest_update: agent detection manifest update failed: failed to fetch https://herdr.dev/agent-detection/index.toml
2026-07-03T19:50:20.721270Z  INFO herdr::logging: checking for updates event="update.check.start" subsystem="update" outcome="started"
2026-07-03T19:50:27.877044Z  WARN herdr::logging: update check failed event="update.check.complete" subsystem="update" outcome="error" err="failed to fetch update manifest"
2026-07-03T19:50:28.873963Z  WARN herdr::detect::manifest_update: agent detection manifest update failed: failed to fetch https://herdr.dev/agent-detection/index.toml
2026-07-03T20:20:20.625793Z  INFO herdr::logging: checking for updates event="update.check.start" subsystem="update" outcome="started"
2026-07-03T20:20:27.783896Z  WARN herdr::logging: update check failed event="update.check.complete" subsystem="update" outcome="error" err="failed to fetch update manifest"
2026-07-03T20:20:28.795624Z  WARN herdr::detect::manifest_update: agent detection manifest update failed: failed to fetch https://herdr.dev/agent-detection/index.toml
2026-07-03T20:50:20.520423Z  INFO herdr::logging: checking for updates event="update.check.start" subsystem="update" outcome="started"
2026-07-03T20:50:22.684382Z  WARN herdr::detect::manifest_update: agent detection manifest update failed: failed to fetch https://herdr.dev/agent-detection/index.toml
2026-07-03T20:50:22.684369Z  WARN herdr::logging: update check failed event="update.check.complete" subsystem="update" outcome="error" err="failed to fetch update manifest"
2026-07-03T21:20:20.418074Z  INFO herdr::logging: checking for updates event="update.check.start" subsystem="update" outcome="started"
2026-07-03T21:20:22.574496Z  WARN herdr::detect::manifest_update: agent detection manifest update failed: failed to fetch https://herdr.dev/agent-detection/index.toml
2026-07-03T21:20:22.574492Z  WARN herdr::logging: update check failed event="update.check.complete" subsystem="update" outcome="error" err="failed to fetch update manifest"
2026-07-03T21:50:20.319953Z  INFO herdr::logging: checking for updates event="update.check.start" subsystem="update" outcome="started"
2026-07-03T21:50:22.465028Z  WARN herdr::detect::manifest_update: agent detection manifest update failed: failed to fetch https://herdr.dev/agent-detection/index.toml
2026-07-03T21:50:22.465028Z  WARN herdr::logging: update check failed event="update.check.complete" subsystem="update" outcome="error" err="failed to fetch update manifest"
2026-07-03T22:20:20.217557Z  INFO herdr::logging: checking for updates event="update.check.start" subsystem="update" outcome="started"
2026-07-03T22:20:22.373338Z  WARN herdr::detect::manifest_update: agent detection manifest update failed: failed to fetch https://herdr.dev/agent-detection/index.toml
2026-07-03T22:20:22.373632Z  WARN herdr::logging: update check failed event="update.check.complete" subsystem="update" outcome="error" err="failed to fetch update manifest"
2026-07-03T22:50:20.117751Z  INFO herdr::logging: checking for updates event="update.check.start" subsystem="update" outcome="started"
2026-07-03T22:50:22.262471Z  WARN herdr::detect::manifest_update: agent detection manifest update failed: failed to fetch https://herdr.dev/agent-detection/index.toml
2026-07-03T22:50:22.262499Z  WARN herdr::logging: update check failed event="update.check.complete" subsystem="update" outcome="error" err="failed to fetch update manifest"
2026-07-03T23:20:20.014496Z  INFO herdr::logging: checking for updates event="update.check.start" subsystem="update" outcome="started"
2026-07-03T23:20:22.158926Z  WARN herdr::logging: update check failed event="update.check.complete" subsystem="update" outcome="error" err="failed to fetch update manifest"
2026-07-03T23:20:22.159543Z  WARN herdr::detect::manifest_update: agent detection manifest update failed: failed to fetch https://herdr.dev/agent-detection/index.toml
2026-07-03T23:50:19.913377Z  INFO herdr::logging: checking for updates event="update.check.start" subsystem="update" outcome="started"
2026-07-03T23:50:27.048836Z  WARN herdr::logging: update check failed event="update.check.complete" subsystem="update" outcome="error" err="failed to fetch update manifest"
2026-07-03T23:50:28.051752Z  WARN herdr::detect::manifest_update: agent detection manifest update failed: failed to fetch https://herdr.dev/agent-detection/index.toml
2026-07-04T00:20:19.813261Z  INFO herdr::logging: checking for updates event="update.check.start" subsystem="update" outcome="started"
2026-07-04T00:20:26.950012Z  WARN herdr::logging: update check failed event="update.check.complete" subsystem="update" outcome="error" err="failed to fetch update manifest"
2026-07-04T00:20:27.941710Z  WARN herdr::detect::manifest_update: agent detection manifest update failed: failed to fetch https://herdr.dev/agent-detection/index.toml
2026-07-04T00:50:19.710115Z  INFO herdr::logging: checking for updates event="update.check.start" subsystem="update" outcome="started"
2026-07-04T00:50:26.836546Z  WARN herdr::logging: update check failed event="update.check.complete" subsystem="update" outcome="error" err="failed to fetch update manifest"
2026-07-04T00:50:27.836256Z  WARN herdr::detect::manifest_update: agent detection manifest update failed: failed to fetch https://herdr.dev/agent-detection/index.toml
2026-07-04T01:20:19.606266Z  INFO herdr::logging: checking for updates event="update.check.start" subsystem="update" outcome="started"
2026-07-04T01:20:21.730089Z  WARN herdr::detect::manifest_update: agent detection manifest update failed: failed to fetch https://herdr.dev/agent-detection/index.toml
2026-07-04T01:20:21.730130Z  WARN herdr::logging: update check failed event="update.check.complete" subsystem="update" outcome="error" err="failed to fetch update manifest"
2026-07-04T01:50:19.507385Z  INFO herdr::logging: checking for updates event="update.check.start" subsystem="update" outcome="started"
2026-07-04T01:50:26.622653Z  WARN herdr::logging: update check failed event="update.check.complete" subsystem="update" outcome="error" err="failed to fetch update manifest"
2026-07-04T01:50:27.620197Z  WARN herdr::detect::manifest_update: agent detection manifest update failed: failed to fetch https://herdr.dev/agent-detection/index.toml
2026-07-04T02:20:19.409766Z  INFO herdr::logging: checking for updates event="update.check.start" subsystem="update" outcome="started"
2026-07-04T02:20:21.515665Z  WARN herdr::detect::manifest_update: agent detection manifest update failed: failed to fetch https://herdr.dev/agent-detection/index.toml
2026-07-04T02:20:21.515763Z  WARN herdr::logging: update check failed event="update.check.complete" subsystem="update" outcome="error" err="failed to fetch update manifest"
2026-07-04T02:50:19.308497Z  INFO herdr::logging: checking for updates event="update.check.start" subsystem="update" outcome="started"
2026-07-04T02:50:21.412330Z  WARN herdr::logging: update check failed event="update.check.complete" subsystem="update" outcome="error" err="failed to fetch update manifest"
2026-07-04T02:50:21.412355Z  WARN herdr::detect::manifest_update: agent detection manifest update failed: failed to fetch https://herdr.dev/agent-detection/index.toml
2026-07-04T03:49:15.892233Z  INFO herdr::logging: checking for updates event="update.check.start" subsystem="update" outcome="started"
2026-07-04T03:49:31.178943Z  WARN herdr::logging: update check failed event="update.check.complete" subsystem="update" outcome="error" err="failed to fetch update manifest"
2026-07-04T03:49:33.989241Z  WARN herdr::detect::manifest_update: agent detection manifest update failed: failed to fetch https://herdr.dev/agent-detection/index.toml
2026-07-04T05:11:27.762335Z  INFO herdr::logging: checking for updates event="update.check.start" subsystem="update" outcome="started"
2026-07-04T05:41:32.305327Z  INFO herdr::logging: checking for updates event="update.check.start" subsystem="update" outcome="started"
2026-07-04T06:11:32.340698Z  INFO herdr::logging: checking for updates event="update.check.start" subsystem="update" outcome="started"
2026-07-04T06:41:32.351269Z  INFO herdr::logging: checking for updates event="update.check.start" subsystem="update" outcome="started"
2026-07-04T07:11:32.381183Z  INFO herdr::logging: checking for updates event="update.check.start" subsystem="update" outcome="started"
2026-07-04T07:41:32.410488Z  INFO herdr::logging: checking for updates event="update.check.start" subsystem="update" outcome="started"
2026-07-04T08:33:56.827212Z  INFO herdr::logging: checking for updates event="update.check.start" subsystem="update" outcome="started"
2026-07-04T08:33:56.885723Z  WARN herdr::detect::manifest_update: agent detection manifest update failed: failed to fetch https://herdr.dev/agent-detection/index.toml
2026-07-04T08:33:56.885721Z  WARN herdr::logging: update check failed event="update.check.complete" subsystem="update" outcome="error" err="failed to fetch update manifest"
2026-07-04T09:26:15.259877Z  INFO herdr::logging: checking for updates event="update.check.start" subsystem="update" outcome="started"
2026-07-04T09:56:15.218003Z  INFO herdr::logging: checking for updates event="update.check.start" subsystem="update" outcome="started"
2026-07-04T11:03:49.234885Z  INFO herdr::logging: checking for updates event="update.check.start" subsystem="update" outcome="started"
2026-07-04T11:03:55.500611Z  WARN herdr::logging: update check failed event="update.check.complete" subsystem="update" outcome="error" err="failed to fetch update manifest"
2026-07-04T11:04:07.325030Z  WARN herdr::detect::manifest_update: agent detection manifest update failed: failed to fetch https://herdr.dev/agent-detection/index.toml
2026-07-04T11:33:49.233873Z  INFO herdr::logging: checking for updates event="update.check.start" subsystem="update" outcome="started"
2026-07-04T11:33:56.411023Z  WARN herdr::logging: update check failed event="update.check.complete" subsystem="update" outcome="error" err="failed to fetch update manifest"
2026-07-04T11:34:07.328181Z  WARN herdr::detect::manifest_update: agent detection manifest update failed: failed to fetch https://herdr.dev/agent-detection/index.toml
2026-07-04T13:10:27.544455Z  INFO herdr::logging: checking for updates event="update.check.start" subsystem="update" outcome="started"
2026-07-04T13:40:27.547822Z  INFO herdr::logging: checking for updates event="update.check.start" subsystem="update" outcome="started"
2026-07-04T14:10:27.563698Z  INFO herdr::logging: checking for updates event="update.check.start" subsystem="update" outcome="started"
2026-07-04T14:40:27.617806Z  INFO herdr::logging: checking for updates event="update.check.start" subsystem="update" outcome="started"
2026-07-04T15:10:27.679696Z  INFO herdr::logging: checking for updates event="update.check.start" subsystem="update" outcome="started"
2026-07-04T15:40:27.613078Z  INFO herdr::logging: checking for updates event="update.check.start" subsystem="update" outcome="started"
2026-07-04T16:10:27.613083Z  INFO herdr::logging: checking for updates event="update.check.start" subsystem="update" outcome="started"
2026-07-04T16:40:27.636168Z  INFO herdr::logging: checking for updates event="update.check.start" subsystem="update" outcome="started"
2026-07-05T04:04:41.324283Z  INFO herdr::logging: checking for updates event="update.check.start" subsystem="update" outcome="started"
2026-07-05T04:34:41.305016Z  INFO herdr::logging: checking for updates event="update.check.start" subsystem="update" outcome="started"
2026-07-05T05:28:26.693502Z  INFO herdr::logging: checking for updates event="update.check.start" subsystem="update" outcome="started"
2026-07-05T05:58:26.715613Z  INFO herdr::logging: checking for updates event="update.check.start" subsystem="update" outcome="started"
2026-07-05T06:28:26.724664Z  INFO herdr::logging: checking for updates event="update.check.start" subsystem="update" outcome="started"
2026-07-05T06:58:26.544124Z  INFO herdr::logging: checking for updates event="update.check.start" subsystem="update" outcome="started"
2026-07-05T07:28:26.508259Z  INFO herdr::logging: checking for updates event="update.check.start" subsystem="update" outcome="started"
2026-07-05T07:58:26.610217Z  INFO herdr::logging: checking for updates event="update.check.start" subsystem="update" outcome="started"
2026-07-05T08:28:26.656181Z  INFO herdr::logging: checking for updates event="update.check.start" subsystem="update" outcome="started"
2026-07-05T08:58:26.668609Z  INFO herdr::logging: checking for updates event="update.check.start" subsystem="update" outcome="started"
2026-07-05T09:28:26.711530Z  INFO herdr::logging: checking for updates event="update.check.start" subsystem="update" outcome="started"
2026-07-05T09:58:26.757202Z  INFO herdr::logging: checking for updates event="update.check.start" subsystem="update" outcome="started"
2026-07-05T10:28:26.784576Z  INFO herdr::logging: checking for updates event="update.check.start" subsystem="update" outcome="started"
2026-07-05T11:25:56.868336Z  INFO herdr::logging: checking for updates event="update.check.start" subsystem="update" outcome="started"
2026-07-05T11:55:56.851319Z  INFO herdr::logging: checking for updates event="update.check.start" subsystem="update" outcome="started"
2026-07-05T12:25:56.821784Z  INFO herdr::logging: checking for updates event="update.check.start" subsystem="update" outcome="started"
2026-07-05T12:55:56.805796Z  INFO herdr::logging: checking for updates event="update.check.start" subsystem="update" outcome="started"
2026-07-05T13:25:56.816443Z  INFO herdr::logging: checking for updates event="update.check.start" subsystem="update" outcome="started"
2026-07-05T13:55:56.807363Z  INFO herdr::logging: checking for updates event="update.check.start" subsystem="update" outcome="started"
2026-07-05T14:25:56.805917Z  INFO herdr::logging: checking for updates event="update.check.start" subsystem="update" outcome="started"
2026-07-05T14:55:56.796561Z  INFO herdr::logging: checking for updates event="update.check.start" subsystem="update" outcome="started"
2026-07-05T15:25:56.848165Z  INFO herdr::logging: checking for updates event="update.check.start" subsystem="update" outcome="started"
2026-07-05T15:55:56.831620Z  INFO herdr::logging: checking for updates event="update.check.start" subsystem="update" outcome="started"
2026-07-05T16:25:56.813423Z  INFO herdr::logging: checking for updates event="update.check.start" subsystem="update" outcome="started"
2026-07-05T16:55:56.880614Z  INFO herdr::logging: checking for updates event="update.check.start" subsystem="update" outcome="started"
2026-07-05T17:25:56.846207Z  INFO herdr::logging: checking for updates event="update.check.start" subsystem="update" outcome="started"
2026-07-05T17:55:56.878645Z  INFO herdr::logging: checking for updates event="update.check.start" subsystem="update" outcome="started"
2026-07-05T18:25:56.891794Z  INFO herdr::logging: checking for updates event="update.check.start" subsystem="update" outcome="started"
2026-07-05T18:55:56.902143Z  INFO herdr::logging: checking for updates event="update.check.start" subsystem="update" outcome="started"
2026-07-05T19:25:56.941234Z  INFO herdr::logging: checking for updates event="update.check.start" subsystem="update" outcome="started"
2026-07-05T19:55:56.905686Z  INFO herdr::logging: checking for updates event="update.check.start" subsystem="update" outcome="started"
2026-07-05T20:25:56.887631Z  INFO herdr::logging: checking for updates event="update.check.start" subsystem="update" outcome="started"
2026-07-05T20:55:56.844465Z  INFO herdr::logging: checking for updates event="update.check.start" subsystem="update" outcome="started"
2026-07-05T21:25:56.848735Z  INFO herdr::logging: checking for updates event="update.check.start" subsystem="update" outcome="started"
2026-07-06T03:28:03.691398Z  INFO herdr::logging: checking for updates event="update.check.start" subsystem="update" outcome="started"
2026-07-06T03:58:04.276029Z  INFO herdr::logging: checking for updates event="update.check.start" subsystem="update" outcome="started"
2026-07-06T04:28:04.505380Z  INFO herdr::logging: checking for updates event="update.check.start" subsystem="update" outcome="started"
2026-07-06T09:41:21.992321Z  INFO herdr::pane: agent changed pane=4 previous_agent=None agent=Some(Hermes) process=hermes pgid=Some(44954)
2026-07-06T09:41:30.217637Z  INFO herdr::pane: agent changed pane=4 previous_agent=None agent=Some(Hermes) process=hermes pgid=Some(44954)
2026-07-06T09:41:35.224450Z  INFO herdr::logging: session saved event="persist.save" subsystem="persist" outcome="ok" path=/Users/ezra/.config/herdr/session.json workspaces=4
2026-07-06T09:41:54.610776Z  INFO herdr::logging: session saved event="persist.save" subsystem="persist" outcome="ok" path=/Users/ezra/.config/herdr/session.json workspaces=4
2026-07-06T09:42:11.839406Z  INFO herdr::logging: session saved event="persist.save" subsystem="persist" outcome="ok" path=/Users/ezra/.config/herdr/session.json workspaces=4
2026-07-06T09:42:50.085899Z  INFO herdr::server::headless: client resize client_id=2 cols=238 rows=52 cell_width_px=0 cell_height_px=0
2026-07-06T09:42:50.293211Z  INFO herdr::server::headless: client resize client_id=2 cols=225 rows=48 cell_width_px=0 cell_height_px=0
2026-07-06T09:42:50.396753Z  INFO herdr::server::headless: client resize client_id=2 cols=213 rows=46 cell_width_px=0 cell_height_px=0
2026-07-06T09:42:50.501737Z  INFO herdr::server::headless: client resize client_id=2 cols=202 rows=43 cell_width_px=0 cell_height_px=0
2026-07-06T09:42:50.604006Z  INFO herdr::server::headless: client resize client_id=2 cols=184 rows=40 cell_width_px=0 cell_height_px=0
2026-07-06T09:42:50.707118Z  INFO herdr::server::headless: client resize client_id=2 cols=176 rows=39 cell_width_px=0 cell_height_px=0
2026-07-06T09:42:50.811713Z  INFO herdr::server::headless: client resize client_id=2 cols=169 rows=36 cell_width_px=0 cell_height_px=0
2026-07-06T09:42:50.916632Z  INFO herdr::server::headless: client resize client_id=2 cols=162 rows=35 cell_width_px=0 cell_height_px=0
2026-07-06T09:42:51.019115Z  INFO herdr::server::headless: client resize client_id=2 cols=156 rows=33 cell_width_px=0 cell_height_px=0
2026-07-06T09:42:51.123259Z  INFO herdr::server::headless: client resize client_id=2 cols=144 rows=32 cell_width_px=0 cell_height_px=0
2026-07-06T09:47:51.807211Z  INFO herdr::logging: checking for updates event="update.check.start" subsystem="update" outcome="started"
2026-07-06T13:30:18.676760Z  INFO herdr::logging: checking for updates event="update.check.start" subsystem="update" outcome="started"
2026-07-06T14:00:18.706414Z  INFO herdr::logging: checking for updates event="update.check.start" subsystem="update" outcome="started"
2026-07-06T14:30:18.688733Z  INFO herdr::logging: checking for updates event="update.check.start" subsystem="update" outcome="started"
2026-07-06T15:00:18.681236Z  INFO herdr::logging: checking for updates event="update.check.start" subsystem="update" outcome="started"
2026-07-06T15:30:18.721270Z  INFO herdr::logging: checking for updates event="update.check.start" subsystem="update" outcome="started"
2026-07-06T16:00:18.730951Z  INFO herdr::logging: checking for updates event="update.check.start" subsystem="update" outcome="started"
2026-07-06T16:30:18.753482Z  INFO herdr::logging: checking for updates event="update.check.start" subsystem="update" outcome="started"
2026-07-06T17:00:18.664915Z  INFO herdr::logging: checking for updates event="update.check.start" subsystem="update" outcome="started"
2026-07-06T17:30:18.656271Z  INFO herdr::logging: checking for updates event="update.check.start" subsystem="update" outcome="started"
2026-07-06T18:00:18.639887Z  INFO herdr::logging: checking for updates event="update.check.start" subsystem="update" outcome="started"
2026-07-06T18:30:18.668336Z  INFO herdr::logging: checking for updates event="update.check.start" subsystem="update" outcome="started"
2026-07-06T19:00:18.618759Z  INFO herdr::logging: checking for updates event="update.check.start" subsystem="update" outcome="started"
2026-07-06T19:30:18.637777Z  INFO herdr::logging: checking for updates event="update.check.start" subsystem="update" outcome="started"
2026-07-06T20:00:18.634399Z  INFO herdr::logging: checking for updates event="update.check.start" subsystem="update" outcome="started"
2026-07-06T20:30:18.720954Z  INFO herdr::logging: checking for updates event="update.check.start" subsystem="update" outcome="started"
2026-07-06T21:00:18.760494Z  INFO herdr::logging: checking for updates event="update.check.start" subsystem="update" outcome="started"
2026-07-06T21:30:18.793606Z  INFO herdr::logging: checking for updates event="update.check.start" subsystem="update" outcome="started"
2026-07-06T22:00:18.770104Z  INFO herdr::logging: checking for updates event="update.check.start" subsystem="update" outcome="started"
2026-07-06T22:30:18.764073Z  INFO herdr::logging: checking for updates event="update.check.start" subsystem="update" outcome="started"
2026-07-06T23:00:18.717054Z  INFO herdr::logging: checking for updates event="update.check.start" subsystem="update" outcome="started"
2026-07-06T23:30:18.796764Z  INFO herdr::logging: checking for updates event="update.check.start" subsystem="update" outcome="started"
2026-07-07T00:00:18.744388Z  INFO herdr::logging: checking for updates event="update.check.start" subsystem="update" outcome="started"
2026-07-07T00:30:18.745657Z  INFO herdr::logging: checking for updates event="update.check.start" subsystem="update" outcome="started"
2026-07-07T01:00:18.757765Z  INFO herdr::logging: checking for updates event="update.check.start" subsystem="update" outcome="started"
2026-07-07T01:30:18.815608Z  INFO herdr::logging: checking for updates event="update.check.start" subsystem="update" outcome="started"
2026-07-07T02:00:18.846805Z  INFO herdr::logging: checking for updates event="update.check.start" subsystem="update" outcome="started"
2026-07-07T02:30:18.813610Z  INFO herdr::logging: checking for updates event="update.check.start" subsystem="update" outcome="started"
2026-07-07T03:00:18.809450Z  INFO herdr::logging: checking for updates event="update.check.start" subsystem="update" outcome="started"
2026-07-07T03:20:02.163935Z  INFO herdr::server::headless: client disconnected client_id=2
2026-07-07T03:30:18.815969Z  INFO herdr::logging: checking for updates event="update.check.start" subsystem="update" outcome="started"
2026-07-07T09:26:06.315641Z  INFO herdr::platform::macos: raised server file descriptor soft limit previous=256 target=8192
2026-07-07T09:26:06.317037Z  INFO herdr::api::server: api server listening path=/Users/ezra/.config/herdr/herdr.sock
2026-07-07T09:26:06.320746Z  INFO herdr::logging: spawning pane terminal event="pane.spawn.start" subsystem="pane" outcome="started" pane_id=1 rows=24 cols=80 scrollback_limit_bytes=10000000
2026-07-07T09:26:06.325083Z  INFO herdr::logging: pane child spawned event="pane.spawned" subsystem="pane" outcome="ok" pane_id=1 pid=3888
2026-07-07T09:26:06.325941Z  INFO herdr::logging: spawning pane terminal event="pane.spawn.start" subsystem="pane" outcome="started" pane_id=2 rows=24 cols=80 scrollback_limit_bytes=10000000
2026-07-07T09:26:06.328002Z  INFO herdr::logging: pane child spawned event="pane.spawned" subsystem="pane" outcome="ok" pane_id=2 pid=3889
2026-07-07T09:26:06.328434Z  INFO herdr::logging: spawning pane terminal event="pane.spawn.start" subsystem="pane" outcome="started" pane_id=3 rows=24 cols=80 scrollback_limit_bytes=10000000
2026-07-07T09:26:06.330838Z  INFO herdr::logging: pane child spawned event="pane.spawned" subsystem="pane" outcome="ok" pane_id=3 pid=3890
2026-07-07T09:26:06.331456Z  INFO herdr::logging: session restore evaluated event="persist.restore" subsystem="persist" outcome="ok" workspaces=4
2026-07-07T09:26:06.331745Z  INFO herdr::app: using pane scrollback configuration pane_scrollback_limit_bytes=10000000
2026-07-07T09:26:06.362552Z  INFO herdr::logging: checking for updates event="update.check.start" subsystem="update" outcome="started"
2026-07-07T09:26:06.362740Z  INFO herdr::server::headless: restored session already has workspaces; ignoring startup cwd cwd=/Users/ezra/Developer/Work/01 Projects/code/e-commerce/redapple2026/my-project
2026-07-07T09:26:06.362948Z  INFO herdr::server::headless: client protocol socket listening path=/Users/ezra/.config/herdr/herdr-client.sock
2026-07-07T09:26:06.362968Z  INFO herdr::server::headless: herdr server started api_socket=/Users/ezra/.config/herdr/herdr.sock client_socket=/Users/ezra/.config/herdr/herdr-client.sock
2026-07-07T09:26:06.363001Z  INFO herdr::logging: herdr starting event="app.startup" subsystem="server" outcome="started" pid=3887
2026-07-07T09:26:06.621996Z  INFO herdr::server::headless: client connected client_id=2 cols=177 rows=31 cell_width_px=0 cell_height_px=0 render_encoding=SemanticFrame
2026-07-07T09:26:06.640728Z  INFO herdr::logging: spawning pane terminal event="pane.spawn.start" subsystem="pane" outcome="started" pane_id=4 rows=30 cols=151 scrollback_limit_bytes=10000000
2026-07-07T09:26:06.643719Z  INFO herdr::logging: pane child spawned event="pane.spawned" subsystem="pane" outcome="ok" pane_id=4 pid=4020
2026-07-07T09:26:07.707593Z  INFO herdr::pane: agent changed pane=4 previous_agent=None agent=Some(Hermes) process=hermes pgid=Some(4307)
2026-07-07T09:26:11.647497Z  INFO herdr::logging: session saved event="persist.save" subsystem="persist" outcome="ok" path=/Users/ezra/.config/herdr/session.json workspaces=4
2026-07-07T09:26:15.920027Z  INFO herdr::pane: agent changed pane=4 previous_agent=Some(Hermes) agent=None pgid=Some(4020)
2026-07-07T09:26:19.608512Z  INFO herdr::logging: workspace focused event="workspace.focus" subsystem="workspace" outcome="ok" workspace_id="w3"
2026-07-07T09:26:19.608633Z  INFO herdr::logging: tab focused event="tab.focus" subsystem="tab" outcome="ok" workspace_id="w3" tab_id="w3:t1"
2026-07-07T09:26:20.179173Z  INFO herdr::logging: workspace focused event="workspace.focus" subsystem="workspace" outcome="ok" workspace_id="w2"
2026-07-07T09:26:20.179228Z  INFO herdr::logging: tab focused event="tab.focus" subsystem="tab" outcome="ok" workspace_id="w2" tab_id="w2:t1"
2026-07-07T09:26:21.175220Z  INFO herdr::logging: workspace focused event="workspace.focus" subsystem="workspace" outcome="ok" workspace_id="w1"
2026-07-07T09:26:21.175313Z  INFO herdr::logging: tab focused event="tab.focus" subsystem="tab" outcome="ok" workspace_id="w1" tab_id="w1:t1"
2026-07-07T09:26:22.062336Z  INFO herdr::logging: workspace focused event="workspace.focus" subsystem="workspace" outcome="ok" workspace_id="w2"
2026-07-07T09:26:22.062399Z  INFO herdr::logging: tab focused event="tab.focus" subsystem="tab" outcome="ok" workspace_id="w2" tab_id="w2:t1"
2026-07-07T09:26:22.587431Z  INFO herdr::logging: workspace focused event="workspace.focus" subsystem="workspace" outcome="ok" workspace_id="w1"
2026-07-07T09:26:22.587527Z  INFO herdr::logging: tab focused event="tab.focus" subsystem="tab" outcome="ok" workspace_id="w1" tab_id="w1:t1"
2026-07-07T09:26:24.335914Z  INFO herdr::server::headless: client resize client_id=2 cols=202 rows=43 cell_width_px=0 cell_height_px=0
2026-07-07T09:26:27.591489Z  INFO herdr::logging: session saved event="persist.save" subsystem="persist" outcome="ok" path=/Users/ezra/.config/herdr/session.json workspaces=4
2026-07-07T09:26:44.569500Z  INFO herdr::logging: workspace focused event="workspace.focus" subsystem="workspace" outcome="ok" workspace_id="w2"
2026-07-07T09:26:44.569533Z  INFO herdr::logging: tab focused event="tab.focus" subsystem="tab" outcome="ok" workspace_id="w2" tab_id="w2:t1"
2026-07-07T09:26:49.577386Z  INFO herdr::logging: session saved event="persist.save" subsystem="persist" outcome="ok" path=/Users/ezra/.config/herdr/session.json workspaces=4
2026-07-07T09:26:54.207237Z  INFO herdr::logging: workspace focused event="workspace.focus" subsystem="workspace" outcome="ok" workspace_id="w1"
2026-07-07T09:26:54.207380Z  INFO herdr::logging: tab focused event="tab.focus" subsystem="tab" outcome="ok" workspace_id="w1" tab_id="w1:t1"
2026-07-07T09:26:55.348655Z  INFO herdr::logging: workspace focused event="workspace.focus" subsystem="workspace" outcome="ok" workspace_id="w2"
2026-07-07T09:26:55.348760Z  INFO herdr::logging: tab focused event="tab.focus" subsystem="tab" outcome="ok" workspace_id="w2" tab_id="w2:t1"
2026-07-07T09:27:00.029662Z  INFO herdr::logging: workspace focused event="workspace.focus" subsystem="workspace" outcome="ok" workspace_id="w1"
2026-07-07T09:27:00.029943Z  INFO herdr::logging: tab focused event="tab.focus" subsystem="tab" outcome="ok" workspace_id="w1" tab_id="w1:t1"
2026-07-07T09:27:05.031301Z  INFO herdr::logging: session saved event="persist.save" subsystem="persist" outcome="ok" path=/Users/ezra/.config/herdr/session.json workspaces=4
2026-07-07T09:27:05.162196Z  INFO herdr::logging: workspace focused event="workspace.focus" subsystem="workspace" outcome="ok" workspace_id="w2"
2026-07-07T09:27:05.162256Z  INFO herdr::logging: tab focused event="tab.focus" subsystem="tab" outcome="ok" workspace_id="w2" tab_id="w2:t1"
2026-07-07T09:27:10.165312Z  INFO herdr::logging: session saved event="persist.save" subsystem="persist" outcome="ok" path=/Users/ezra/.config/herdr/session.json workspaces=4
2026-07-07T09:28:01.275339Z  INFO herdr::logging: workspace focused event="workspace.focus" subsystem="workspace" outcome="ok" workspace_id="w3"
2026-07-07T09:28:01.276786Z  INFO herdr::logging: tab focused event="tab.focus" subsystem="tab" outcome="ok" workspace_id="w3" tab_id="w3:t1"
2026-07-07T09:28:06.289204Z  INFO herdr::logging: session saved event="persist.save" subsystem="persist" outcome="ok" path=/Users/ezra/.config/herdr/session.json workspaces=4
2026-07-07T09:28:41.031233Z  INFO herdr::logging: workspace focused event="workspace.focus" subsystem="workspace" outcome="ok" workspace_id="w2"
2026-07-07T09:28:41.031285Z  INFO herdr::logging: tab focused event="tab.focus" subsystem="tab" outcome="ok" workspace_id="w2" tab_id="w2:t1"
2026-07-07T09:28:46.039366Z  INFO herdr::logging: session saved event="persist.save" subsystem="persist" outcome="ok" path=/Users/ezra/.config/herdr/session.json workspaces=4
2026-07-07T09:28:57.943817Z  INFO herdr::app::actions: copied selection to clipboard
2026-07-07T09:29:02.291784Z  INFO herdr::logging: workspace focused event="workspace.focus" subsystem="workspace" outcome="ok" workspace_id="w3"
2026-07-07T09:29:02.291987Z  INFO herdr::logging: tab focused event="tab.focus" subsystem="tab" outcome="ok" workspace_id="w3" tab_id="w3:t1"
2026-07-07T09:29:03.285455Z  INFO herdr::logging: workspace focused event="workspace.focus" subsystem="workspace" outcome="ok" workspace_id="w1"
2026-07-07T09:29:03.285632Z  INFO herdr::logging: tab focused event="tab.focus" subsystem="tab" outcome="ok" workspace_id="w1" tab_id="w1:t1"
2026-07-07T09:29:04.714395Z  INFO herdr::logging: workspace focused event="workspace.focus" subsystem="workspace" outcome="ok" workspace_id="w4"
2026-07-07T09:29:04.714489Z  INFO herdr::logging: tab focused event="tab.focus" subsystem="tab" outcome="ok" workspace_id="w4" tab_id="w4:t1"
2026-07-07T09:29:09.730687Z  INFO herdr::logging: session saved event="persist.save" subsystem="persist" outcome="ok" path=/Users/ezra/.config/herdr/session.json workspaces=4
2026-07-07T09:30:37.612812Z  INFO herdr::logging: workspace focused event="workspace.focus" subsystem="workspace" outcome="ok" workspace_id="w2"
2026-07-07T09:30:37.614752Z  INFO herdr::logging: tab focused event="tab.focus" subsystem="tab" outcome="ok" workspace_id="w2" tab_id="w2:t1"
2026-07-07T09:30:38.601788Z  INFO herdr::logging: workspace focused event="workspace.focus" subsystem="workspace" outcome="ok" workspace_id="w3"
2026-07-07T09:30:38.602012Z  INFO herdr::logging: tab focused event="tab.focus" subsystem="tab" outcome="ok" workspace_id="w3" tab_id="w3:t1"
2026-07-07T09:30:43.615302Z  INFO herdr::logging: session saved event="persist.save" subsystem="persist" outcome="ok" path=/Users/ezra/.config/herdr/session.json workspaces=4
2026-07-07T09:30:56.838810Z  INFO herdr::logging: workspace focused event="workspace.focus" subsystem="workspace" outcome="ok" workspace_id="w4"
2026-07-07T09:30:56.838880Z  INFO herdr::logging: tab focused event="tab.focus" subsystem="tab" outcome="ok" workspace_id="w4" tab_id="w4:t1"
2026-07-07T09:31:01.843216Z  INFO herdr::logging: session saved event="persist.save" subsystem="persist" outcome="ok" path=/Users/ezra/.config/herdr/session.json workspaces=4
2026-07-07T09:32:04.867606Z  INFO herdr::logging: workspace focused event="workspace.focus" subsystem="workspace" outcome="ok" workspace_id="w3"
2026-07-07T09:32:04.868229Z  INFO herdr::logging: tab focused event="tab.focus" subsystem="tab" outcome="ok" workspace_id="w3" tab_id="w3:t1"
2026-07-07T09:32:09.876311Z  INFO herdr::logging: session saved event="persist.save" subsystem="persist" outcome="ok" path=/Users/ezra/.config/herdr/session.json workspaces=4
2026-07-07T09:34:41.702131Z  INFO herdr::logging: workspace focused event="workspace.focus" subsystem="workspace" outcome="ok" workspace_id="w2"
2026-07-07T09:34:41.703459Z  INFO herdr::logging: tab focused event="tab.focus" subsystem="tab" outcome="ok" workspace_id="w2" tab_id="w2:t1"
2026-07-07T09:34:46.710353Z  INFO herdr::logging: session saved event="persist.save" subsystem="persist" outcome="ok" path=/Users/ezra/.config/herdr/session.json workspaces=4
2026-07-07T09:35:50.618367Z  INFO herdr::app::actions: copied selection to clipboard
2026-07-07T09:36:43.553455Z  INFO herdr::app::actions: copied selection to clipboard
2026-07-07T09:38:03.668621Z  INFO herdr::logging: workspace focused event="workspace.focus" subsystem="workspace" outcome="ok" workspace_id="w4"
2026-07-07T09:38:03.669100Z  INFO herdr::logging: tab focused event="tab.focus" subsystem="tab" outcome="ok" workspace_id="w4" tab_id="w4:t1"
2026-07-07T09:38:08.682040Z  INFO herdr::logging: session saved event="persist.save" subsystem="persist" outcome="ok" path=/Users/ezra/.config/herdr/session.json workspaces=4
2026-07-07T09:38:18.020053Z  INFO herdr::logging: pane child exited event="pane.exit" subsystem="pane" outcome="completed" pane_id=4 status="ExitStatus { code: 0, signal: None }"
2026-07-07T09:38:18.021190Z  INFO herdr::pane: pane session terminated pane=4 pid=4020 signal=Hangup
2026-07-07T09:38:23.023996Z  INFO herdr::logging: session saved event="persist.save" subsystem="persist" outcome="ok" path=/Users/ezra/.config/herdr/session.json workspaces=3
2026-07-07T09:39:26.847422Z  INFO herdr::logging: workspace focused event="workspace.focus" subsystem="workspace" outcome="ok" workspace_id="w2"
2026-07-07T09:39:26.849978Z  INFO herdr::logging: tab focused event="tab.focus" subsystem="tab" outcome="ok" workspace_id="w2" tab_id="w2:t1"
2026-07-07T09:39:31.861420Z  INFO herdr::logging: session saved event="persist.save" subsystem="persist" outcome="ok" path=/Users/ezra/.config/herdr/session.json workspaces=3
2026-07-07T09:39:35.473122Z  INFO herdr::logging: workspace focused event="workspace.focus" subsystem="workspace" outcome="ok" workspace_id="w1"
2026-07-07T09:39:35.473271Z  INFO herdr::logging: tab focused event="tab.focus" subsystem="tab" outcome="ok" workspace_id="w1" tab_id="w1:t1"
2026-07-07T09:39:37.231234Z  INFO herdr::logging: workspace focused event="workspace.focus" subsystem="workspace" outcome="ok" workspace_id="w2"
2026-07-07T09:39:37.231299Z  INFO herdr::logging: tab focused event="tab.focus" subsystem="tab" outcome="ok" workspace_id="w2" tab_id="w2:t1"
2026-07-07T09:39:42.236818Z  INFO herdr::logging: session saved event="persist.save" subsystem="persist" outcome="ok" path=/Users/ezra/.config/herdr/session.json workspaces=3
2026-07-07T09:39:43.712362Z  INFO herdr::app::actions: copied double-clicked token to clipboard
2026-07-07T09:39:46.264991Z  INFO herdr::logging: workspace focused event="workspace.focus" subsystem="workspace" outcome="ok" workspace_id="w1"
2026-07-07T09:39:46.265170Z  INFO herdr::logging: tab focused event="tab.focus" subsystem="tab" outcome="ok" workspace_id="w1" tab_id="w1:t1"
2026-07-07T09:39:51.272646Z  INFO herdr::logging: session saved event="persist.save" subsystem="persist" outcome="ok" path=/Users/ezra/.config/herdr/session.json workspaces=3
2026-07-07T09:47:14.606881Z  INFO herdr::server::headless: client resize client_id=2 cols=213 rows=46 cell_width_px=0 cell_height_px=0
2026-07-07T09:47:14.710731Z  INFO herdr::server::headless: client resize client_id=2 cols=225 rows=48 cell_width_px=0 cell_height_px=0
2026-07-07T09:47:15.320290Z  INFO herdr::server::headless: client resize client_id=2 cols=238 rows=52 cell_width_px=0 cell_height_px=0
2026-07-07T09:47:15.530519Z  INFO herdr::server::headless: client resize client_id=2 cols=253 rows=57 cell_width_px=0 cell_height_px=0
2026-07-07T09:47:17.094677Z  INFO herdr::server::headless: client resize client_id=2 cols=289 rows=60 cell_width_px=0 cell_height_px=0
2026-07-07T09:47:17.199267Z  INFO herdr::server::headless: client resize client_id=2 cols=312 rows=66 cell_width_px=0 cell_height_px=0
2026-07-07T09:56:06.488816Z  INFO herdr::logging: checking for updates event="update.check.start" subsystem="update" outcome="started"
2026-07-07T10:26:06.531212Z  INFO herdr::logging: checking for updates event="update.check.start" subsystem="update" outcome="started"
2026-07-07T10:26:25.639279Z  INFO herdr::logging: workspace focused event="workspace.focus" subsystem="workspace" outcome="ok" workspace_id="w2"
2026-07-07T10:26:25.639354Z  INFO herdr::logging: tab focused event="tab.focus" subsystem="tab" outcome="ok" workspace_id="w2" tab_id="w2:t1"
2026-07-07T10:26:26.934154Z  INFO herdr::logging: workspace focused event="workspace.focus" subsystem="workspace" outcome="ok" workspace_id="w3"
2026-07-07T10:26:26.934248Z  INFO herdr::logging: tab focused event="tab.focus" subsystem="tab" outcome="ok" workspace_id="w3" tab_id="w3:t1"
2026-07-07T10:26:31.946267Z  INFO herdr::logging: session saved event="persist.save" subsystem="persist" outcome="ok" path=/Users/ezra/.config/herdr/session.json workspaces=3
2026-07-07T10:26:54.276249Z  INFO herdr::logging: workspace focused event="workspace.focus" subsystem="workspace" outcome="ok" workspace_id="w1"
2026-07-07T10:26:54.276408Z  INFO herdr::logging: tab focused event="tab.focus" subsystem="tab" outcome="ok" workspace_id="w1" tab_id="w1:t1"
2026-07-07T10:26:56.550948Z  INFO herdr::logging: workspace focused event="workspace.focus" subsystem="workspace" outcome="ok" workspace_id="w2"
2026-07-07T10:26:56.551017Z  INFO herdr::logging: tab focused event="tab.focus" subsystem="tab" outcome="ok" workspace_id="w2" tab_id="w2:t1"
2026-07-07T10:26:57.521813Z  INFO herdr::logging: workspace focused event="workspace.focus" subsystem="workspace" outcome="ok" workspace_id="w3"
2026-07-07T10:26:57.521887Z  INFO herdr::logging: tab focused event="tab.focus" subsystem="tab" outcome="ok" workspace_id="w3" tab_id="w3:t1"
2026-07-07T10:27:02.530425Z  INFO herdr::logging: session saved event="persist.save" subsystem="persist" outcome="ok" path=/Users/ezra/.config/herdr/session.json workspaces=3
2026-07-07T10:31:00.792747Z  INFO herdr::logging: workspace focused event="workspace.focus" subsystem="workspace" outcome="ok" workspace_id="w1"
2026-07-07T10:31:00.792821Z  INFO herdr::logging: tab focused event="tab.focus" subsystem="tab" outcome="ok" workspace_id="w1" tab_id="w1:t1"
2026-07-07T10:31:05.806363Z  INFO herdr::logging: session saved event="persist.save" subsystem="persist" outcome="ok" path=/Users/ezra/.config/herdr/session.json workspaces=3
2026-07-07T10:36:16.052025Z  INFO herdr::logging: workspace focused event="workspace.focus" subsystem="workspace" outcome="ok" workspace_id="w3"
2026-07-07T10:36:16.052060Z  INFO herdr::logging: tab focused event="tab.focus" subsystem="tab" outcome="ok" workspace_id="w3" tab_id="w3:t1"
2026-07-07T10:36:21.059565Z  INFO herdr::logging: session saved event="persist.save" subsystem="persist" outcome="ok" path=/Users/ezra/.config/herdr/session.json workspaces=3
2026-07-07T10:36:21.106285Z  INFO herdr::logging: workspace focused event="workspace.focus" subsystem="workspace" outcome="ok" workspace_id="w1"
2026-07-07T10:36:21.106342Z  INFO herdr::logging: tab focused event="tab.focus" subsystem="tab" outcome="ok" workspace_id="w1" tab_id="w1:t1"
2026-07-07T10:36:26.108661Z  INFO herdr::logging: session saved event="persist.save" subsystem="persist" outcome="ok" path=/Users/ezra/.config/herdr/session.json workspaces=3
2026-07-07T10:36:26.506246Z  INFO herdr::logging: workspace focused event="workspace.focus" subsystem="workspace" outcome="ok" workspace_id="w3"
2026-07-07T10:36:26.506305Z  INFO herdr::logging: tab focused event="tab.focus" subsystem="tab" outcome="ok" workspace_id="w3" tab_id="w3:t1"
2026-07-07T10:36:31.510153Z  INFO herdr::logging: session saved event="persist.save" subsystem="persist" outcome="ok" path=/Users/ezra/.config/herdr/session.json workspaces=3
2026-07-07T10:37:02.019073Z  INFO herdr::logging: workspace focused event="workspace.focus" subsystem="workspace" outcome="ok" workspace_id="w1"
2026-07-07T10:37:02.019179Z  INFO herdr::logging: tab focused event="tab.focus" subsystem="tab" outcome="ok" workspace_id="w1" tab_id="w1:t1"
2026-07-07T10:37:07.023664Z  INFO herdr::logging: session saved event="persist.save" subsystem="persist" outcome="ok" path=/Users/ezra/.config/herdr/session.json workspaces=3
2026-07-07T10:39:05.540343Z  INFO herdr::logging: workspace focused event="workspace.focus" subsystem="workspace" outcome="ok" workspace_id="w2"
2026-07-07T10:39:05.540418Z  INFO herdr::logging: tab focused event="tab.focus" subsystem="tab" outcome="ok" workspace_id="w2" tab_id="w2:t1"
2026-07-07T10:39:10.554085Z  INFO herdr::logging: session saved event="persist.save" subsystem="persist" outcome="ok" path=/Users/ezra/.config/herdr/session.json workspaces=3
2026-07-07T10:39:29.398753Z  INFO herdr::app::actions: copied selection to clipboard
2026-07-07T10:42:09.329304Z  INFO herdr::logging: workspace focused event="workspace.focus" subsystem="workspace" outcome="ok" workspace_id="w1"
2026-07-07T10:42:09.329365Z  INFO herdr::logging: tab focused event="tab.focus" subsystem="tab" outcome="ok" workspace_id="w1" tab_id="w1:t1"
2026-07-07T10:42:14.334946Z  INFO herdr::logging: session saved event="persist.save" subsystem="persist" outcome="ok" path=/Users/ezra/.config/herdr/session.json workspaces=3
2026-07-07T10:42:48.124666Z  INFO herdr::logging: workspace focused event="workspace.focus" subsystem="workspace" outcome="ok" workspace_id="w2"
2026-07-07T10:42:48.124740Z  INFO herdr::logging: tab focused event="tab.focus" subsystem="tab" outcome="ok" workspace_id="w2" tab_id="w2:t1"
2026-07-07T10:42:50.466139Z  INFO herdr::logging: workspace focused event="workspace.focus" subsystem="workspace" outcome="ok" workspace_id="w3"
2026-07-07T10:42:50.466216Z  INFO herdr::logging: tab focused event="tab.focus" subsystem="tab" outcome="ok" workspace_id="w3" tab_id="w3:t1"
2026-07-07T10:42:55.472086Z  INFO herdr::logging: session saved event="persist.save" subsystem="persist" outcome="ok" path=/Users/ezra/.config/herdr/session.json workspaces=3
2026-07-07T10:43:04.291201Z  INFO herdr::logging: workspace focused event="workspace.focus" subsystem="workspace" outcome="ok" workspace_id="w1"
2026-07-07T10:43:04.291253Z  INFO herdr::logging: tab focused event="tab.focus" subsystem="tab" outcome="ok" workspace_id="w1" tab_id="w1:t1"
2026-07-07T10:43:09.294690Z  INFO herdr::logging: session saved event="persist.save" subsystem="persist" outcome="ok" path=/Users/ezra/.config/herdr/session.json workspaces=3
2026-07-07T10:43:29.974569Z  INFO herdr::logging: workspace focused event="workspace.focus" subsystem="workspace" outcome="ok" workspace_id="w2"
2026-07-07T10:43:29.974614Z  INFO herdr::logging: tab focused event="tab.focus" subsystem="tab" outcome="ok" workspace_id="w2" tab_id="w2:t1"
2026-07-07T10:43:30.433095Z  INFO herdr::logging: workspace focused event="workspace.focus" subsystem="workspace" outcome="ok" workspace_id="w3"
2026-07-07T10:43:30.433142Z  INFO herdr::logging: tab focused event="tab.focus" subsystem="tab" outcome="ok" workspace_id="w3" tab_id="w3:t1"
2026-07-07T10:43:35.438184Z  INFO herdr::logging: session saved event="persist.save" subsystem="persist" outcome="ok" path=/Users/ezra/.config/herdr/session.json workspaces=3
2026-07-07T10:43:38.999843Z  INFO herdr::logging: workspace focused event="workspace.focus" subsystem="workspace" outcome="ok" workspace_id="w2"
2026-07-07T10:43:38.999890Z  INFO herdr::logging: tab focused event="tab.focus" subsystem="tab" outcome="ok" workspace_id="w2" tab_id="w2:t1"
2026-07-07T10:43:42.045382Z  INFO herdr::logging: workspace focused event="workspace.focus" subsystem="workspace" outcome="ok" workspace_id="w1"
2026-07-07T10:43:42.045428Z  INFO herdr::logging: tab focused event="tab.focus" subsystem="tab" outcome="ok" workspace_id="w1" tab_id="w1:t1"
2026-07-07T10:43:47.052065Z  INFO herdr::logging: session saved event="persist.save" subsystem="persist" outcome="ok" path=/Users/ezra/.config/herdr/session.json workspaces=3
2026-07-07T10:44:10.087990Z  INFO herdr::logging: workspace focused event="workspace.focus" subsystem="workspace" outcome="ok" workspace_id="w2"
2026-07-07T10:44:10.088153Z  INFO herdr::logging: tab focused event="tab.focus" subsystem="tab" outcome="ok" workspace_id="w2" tab_id="w2:t1"
2026-07-07T10:44:15.096346Z  INFO herdr::logging: session saved event="persist.save" subsystem="persist" outcome="ok" path=/Users/ezra/.config/herdr/session.json workspaces=3
2026-07-07T10:44:21.341497Z  INFO herdr::logging: workspace focused event="workspace.focus" subsystem="workspace" outcome="ok" workspace_id="w3"
2026-07-07T10:44:21.341556Z  INFO herdr::logging: tab focused event="tab.focus" subsystem="tab" outcome="ok" workspace_id="w3" tab_id="w3:t1"
2026-07-07T10:44:26.348575Z  INFO herdr::logging: session saved event="persist.save" subsystem="persist" outcome="ok" path=/Users/ezra/.config/herdr/session.json workspaces=3
2026-07-07T10:44:28.387457Z  INFO herdr::logging: workspace focused event="workspace.focus" subsystem="workspace" outcome="ok" workspace_id="w1"
2026-07-07T10:44:28.387582Z  INFO herdr::logging: tab focused event="tab.focus" subsystem="tab" outcome="ok" workspace_id="w1" tab_id="w1:t1"
2026-07-07T10:44:33.391663Z  INFO herdr::logging: session saved event="persist.save" subsystem="persist" outcome="ok" path=/Users/ezra/.config/herdr/session.json workspaces=3
2026-07-07T10:56:06.517465Z  INFO herdr::logging: checking for updates event="update.check.start" subsystem="update" outcome="started"
2026-07-07T11:04:42.486756Z  INFO herdr::logging: workspace focused event="workspace.focus" subsystem="workspace" outcome="ok" workspace_id="w2"
2026-07-07T11:04:42.486819Z  INFO herdr::logging: tab focused event="tab.focus" subsystem="tab" outcome="ok" workspace_id="w2" tab_id="w2:t1"
2026-07-07T11:04:47.493398Z  INFO herdr::logging: session saved event="persist.save" subsystem="persist" outcome="ok" path=/Users/ezra/.config/herdr/session.json workspaces=3
2026-07-07T11:05:07.690906Z  INFO herdr::logging: workspace focused event="workspace.focus" subsystem="workspace" outcome="ok" workspace_id="w1"
2026-07-07T11:05:07.691922Z  INFO herdr::logging: tab focused event="tab.focus" subsystem="tab" outcome="ok" workspace_id="w1" tab_id="w1:t1"
2026-07-07T11:05:12.705529Z  INFO herdr::logging: session saved event="persist.save" subsystem="persist" outcome="ok" path=/Users/ezra/.config/herdr/session.json workspaces=3
2026-07-07T11:06:03.391350Z  INFO herdr::logging: workspace focused event="workspace.focus" subsystem="workspace" outcome="ok" workspace_id="w2"
2026-07-07T11:06:03.391427Z  INFO herdr::logging: tab focused event="tab.focus" subsystem="tab" outcome="ok" workspace_id="w2" tab_id="w2:t1"
2026-07-07T11:06:08.403904Z  INFO herdr::logging: session saved event="persist.save" subsystem="persist" outcome="ok" path=/Users/ezra/.config/herdr/session.json workspaces=3
2026-07-07T11:06:12.524654Z  INFO herdr::logging: workspace focused event="workspace.focus" subsystem="workspace" outcome="ok" workspace_id="w3"
2026-07-07T11:06:12.524728Z  INFO herdr::logging: tab focused event="tab.focus" subsystem="tab" outcome="ok" workspace_id="w3" tab_id="w3:t1"
2026-07-07T11:06:13.199891Z  INFO herdr::logging: workspace focused event="workspace.focus" subsystem="workspace" outcome="ok" workspace_id="w2"
2026-07-07T11:06:13.200011Z  INFO herdr::logging: tab focused event="tab.focus" subsystem="tab" outcome="ok" workspace_id="w2" tab_id="w2:t1"
2026-07-07T11:06:14.003945Z  INFO herdr::logging: workspace focused event="workspace.focus" subsystem="workspace" outcome="ok" workspace_id="w1"
2026-07-07T11:06:14.004067Z  INFO herdr::logging: tab focused event="tab.focus" subsystem="tab" outcome="ok" workspace_id="w1" tab_id="w1:t1"
2026-07-07T11:06:19.010858Z  INFO herdr::logging: session saved event="persist.save" subsystem="persist" outcome="ok" path=/Users/ezra/.config/herdr/session.json workspaces=3
2026-07-07T11:06:43.887516Z  INFO herdr::logging: workspace focused event="workspace.focus" subsystem="workspace" outcome="ok" workspace_id="w2"
2026-07-07T11:06:43.887596Z  INFO herdr::logging: tab focused event="tab.focus" subsystem="tab" outcome="ok" workspace_id="w2" tab_id="w2:t1"
2026-07-07T11:06:48.895969Z  INFO herdr::logging: session saved event="persist.save" subsystem="persist" outcome="ok" path=/Users/ezra/.config/herdr/session.json workspaces=3
2026-07-07T11:07:08.920935Z  INFO herdr::logging: workspace focused event="workspace.focus" subsystem="workspace" outcome="ok" workspace_id="w1"
2026-07-07T11:07:08.921026Z  INFO herdr::logging: tab focused event="tab.focus" subsystem="tab" outcome="ok" workspace_id="w1" tab_id="w1:t1"
2026-07-07T11:07:13.931044Z  INFO herdr::logging: session saved event="persist.save" subsystem="persist" outcome="ok" path=/Users/ezra/.config/herdr/session.json workspaces=3
2026-07-07T11:23:15.482494Z  INFO herdr::logging: workspace focused event="workspace.focus" subsystem="workspace" outcome="ok" workspace_id="w2"
2026-07-07T11:23:15.484078Z  INFO herdr::logging: tab focused event="tab.focus" subsystem="tab" outcome="ok" workspace_id="w2" tab_id="w2:t1"
2026-07-07T11:23:20.493752Z  INFO herdr::logging: session saved event="persist.save" subsystem="persist" outcome="ok" path=/Users/ezra/.config/herdr/session.json workspaces=3
2026-07-07T11:26:06.550730Z  INFO herdr::logging: checking for updates event="update.check.start" subsystem="update" outcome="started"
2026-07-07T11:36:14.116784Z  INFO herdr::logging: workspace focused event="workspace.focus" subsystem="workspace" outcome="ok" workspace_id="w3"
2026-07-07T11:36:14.116941Z  INFO herdr::logging: tab focused event="tab.focus" subsystem="tab" outcome="ok" workspace_id="w3" tab_id="w3:t1"
2026-07-07T11:36:19.121671Z  INFO herdr::logging: session saved event="persist.save" subsystem="persist" outcome="ok" path=/Users/ezra/.config/herdr/session.json workspaces=3
2026-07-07T11:36:20.870374Z  INFO herdr::logging: spawning pane terminal event="pane.spawn.start" subsystem="pane" outcome="started" pane_id=5 rows=65 cols=286 scrollback_limit_bytes=10000000
2026-07-07T11:36:20.877157Z  INFO herdr::logging: pane child spawned event="pane.spawned" subsystem="pane" outcome="ok" pane_id=5 pid=22412
2026-07-07T11:36:20.878018Z  INFO herdr::logging: workspace created event="workspace.create" subsystem="workspace" outcome="ok" workspace_id="w5" pane_id=5
2026-07-07T11:36:20.878047Z  INFO herdr::logging: workspace focused event="workspace.focus" subsystem="workspace" outcome="ok" workspace_id="w5"
2026-07-07T11:36:20.878064Z  INFO herdr::logging: tab focused event="tab.focus" subsystem="tab" outcome="ok" workspace_id="w5" tab_id="w5:t1"
2026-07-07T11:36:25.890592Z  INFO herdr::logging: session saved event="persist.save" subsystem="persist" outcome="ok" path=/Users/ezra/.config/herdr/session.json workspaces=4
2026-07-07T11:36:37.912770Z  INFO herdr::logging: workspace focused event="workspace.focus" subsystem="workspace" outcome="ok" workspace_id="w2"
2026-07-07T11:36:37.912853Z  INFO herdr::logging: tab focused event="tab.focus" subsystem="tab" outcome="ok" workspace_id="w2" tab_id="w2:t1"
2026-07-07T11:36:42.916597Z  INFO herdr::logging: session saved event="persist.save" subsystem="persist" outcome="ok" path=/Users/ezra/.config/herdr/session.json workspaces=4
2026-07-07T11:37:22.300510Z  INFO herdr::logging: workspace focused event="workspace.focus" subsystem="workspace" outcome="ok" workspace_id="w1"
2026-07-07T11:37:22.300561Z  INFO herdr::logging: tab focused event="tab.focus" subsystem="tab" outcome="ok" workspace_id="w1" tab_id="w1:t1"
2026-07-07T11:37:24.367168Z  INFO herdr::logging: workspace focused event="workspace.focus" subsystem="workspace" outcome="ok" workspace_id="w2"
2026-07-07T11:37:24.367238Z  INFO herdr::logging: tab focused event="tab.focus" subsystem="tab" outcome="ok" workspace_id="w2" tab_id="w2:t1"
2026-07-07T11:37:29.376953Z  INFO herdr::logging: session saved event="persist.save" subsystem="persist" outcome="ok" path=/Users/ezra/.config/herdr/session.json workspaces=4
2026-07-07T11:39:34.676432Z  INFO herdr::logging: workspace focused event="workspace.focus" subsystem="workspace" outcome="ok" workspace_id="w1"
2026-07-07T11:39:34.676495Z  INFO herdr::logging: tab focused event="tab.focus" subsystem="tab" outcome="ok" workspace_id="w1" tab_id="w1:t1"
2026-07-07T11:39:39.686587Z  INFO herdr::logging: session saved event="persist.save" subsystem="persist" outcome="ok" path=/Users/ezra/.config/herdr/session.json workspaces=4
2026-07-07T11:41:20.527431Z  INFO herdr::logging: workspace focused event="workspace.focus" subsystem="workspace" outcome="ok" workspace_id="w2"
2026-07-07T11:41:20.527495Z  INFO herdr::logging: tab focused event="tab.focus" subsystem="tab" outcome="ok" workspace_id="w2" tab_id="w2:t1"
2026-07-07T11:41:22.314915Z  INFO herdr::logging: workspace focused event="workspace.focus" subsystem="workspace" outcome="ok" workspace_id="w1"
2026-07-07T11:41:22.314990Z  INFO herdr::logging: tab focused event="tab.focus" subsystem="tab" outcome="ok" workspace_id="w1" tab_id="w1:t1"
2026-07-07T11:41:27.318254Z  INFO herdr::logging: session saved event="persist.save" subsystem="persist" outcome="ok" path=/Users/ezra/.config/herdr/session.json workspaces=4
2026-07-07T11:42:13.927643Z  INFO herdr::logging: workspace focused event="workspace.focus" subsystem="workspace" outcome="ok" workspace_id="w2"
2026-07-07T11:42:13.927699Z  INFO herdr::logging: tab focused event="tab.focus" subsystem="tab" outcome="ok" workspace_id="w2" tab_id="w2:t1"
2026-07-07T11:42:14.957023Z  INFO herdr::logging: workspace focused event="workspace.focus" subsystem="workspace" outcome="ok" workspace_id="w1"
2026-07-07T11:42:14.957101Z  INFO herdr::logging: tab focused event="tab.focus" subsystem="tab" outcome="ok" workspace_id="w1" tab_id="w1:t1"
2026-07-07T11:42:19.963449Z  INFO herdr::logging: session saved event="persist.save" subsystem="persist" outcome="ok" path=/Users/ezra/.config/herdr/session.json workspaces=4
2026-07-07T11:56:06.516781Z  INFO herdr::logging: checking for updates event="update.check.start" subsystem="update" outcome="started"
2026-07-07T12:26:06.541939Z  INFO herdr::logging: checking for updates event="update.check.start" subsystem="update" outcome="started"
2026-07-07T12:26:11.590833Z  WARN herdr::logging: update check failed event="update.check.complete" subsystem="update" outcome="error" err="failed to fetch update manifest"
2026-07-07T12:26:24.606975Z  WARN herdr::detect::manifest_update: agent detection manifest update failed: failed to fetch https://herdr.dev/agent-detection/index.toml
2026-07-07T12:56:06.550620Z  INFO herdr::logging: checking for updates event="update.check.start" subsystem="update" outcome="started"
2026-07-07T12:56:14.040322Z  WARN herdr::logging: update check failed event="update.check.complete" subsystem="update" outcome="error" err="failed to fetch update manifest"
2026-07-07T12:56:24.616178Z  WARN herdr::detect::manifest_update: agent detection manifest update failed: failed to fetch https://herdr.dev/agent-detection/index.toml
2026-07-07T13:26:06.566509Z  INFO herdr::logging: checking for updates event="update.check.start" subsystem="update" outcome="started"
2026-07-07T13:56:06.581392Z  INFO herdr::logging: checking for updates event="update.check.start" subsystem="update" outcome="started"
2026-07-07T14:26:06.595297Z  INFO herdr::logging: checking for updates event="update.check.start" subsystem="update" outcome="started"
2026-07-07T14:33:33.700620Z  INFO herdr::logging: workspace focused event="workspace.focus" subsystem="workspace" outcome="ok" workspace_id="w2"
2026-07-07T14:33:33.701914Z  INFO herdr::logging: tab focused event="tab.focus" subsystem="tab" outcome="ok" workspace_id="w2" tab_id="w2:t1"
2026-07-07T14:33:35.421428Z  INFO herdr::logging: workspace focused event="workspace.focus" subsystem="workspace" outcome="ok" workspace_id="w1"
2026-07-07T14:33:35.421498Z  INFO herdr::logging: tab focused event="tab.focus" subsystem="tab" outcome="ok" workspace_id="w1" tab_id="w1:t1"
2026-07-07T14:33:40.428461Z  INFO herdr::logging: session saved event="persist.save" subsystem="persist" outcome="ok" path=/Users/ezra/.config/herdr/session.json workspaces=4
2026-07-07T14:38:17.517083Z  INFO herdr::logging: spawning pane terminal event="pane.spawn.start" subsystem="pane" outcome="started" pane_id=6 rows=65 cols=286 scrollback_limit_bytes=10000000
2026-07-07T14:38:17.525103Z  INFO herdr::logging: pane child spawned event="pane.spawned" subsystem="pane" outcome="ok" pane_id=6 pid=39003
2026-07-07T14:38:17.526174Z  INFO herdr::logging: workspace created event="workspace.create" subsystem="workspace" outcome="ok" workspace_id="w6" pane_id=6
2026-07-07T14:38:17.526228Z  INFO herdr::logging: workspace focused event="workspace.focus" subsystem="workspace" outcome="ok" workspace_id="w6"
2026-07-07T14:38:17.526253Z  INFO herdr::logging: tab focused event="tab.focus" subsystem="tab" outcome="ok" workspace_id="w6" tab_id="w6:t1"
2026-07-07T14:38:22.535450Z  INFO herdr::logging: session saved event="persist.save" subsystem="persist" outcome="ok" path=/Users/ezra/.config/herdr/session.json workspaces=5
2026-07-07T14:38:23.633115Z  INFO herdr::pane: agent changed pane=6 previous_agent=None agent=Some(Hermes) process=hermes pgid=Some(39087)
2026-07-07T14:39:14.931006Z  INFO herdr::pane: agent changed pane=6 previous_agent=None agent=Some(Hermes) process=hermes pgid=Some(39087)
2026-07-07T14:39:19.934387Z  INFO herdr::logging: session saved event="persist.save" subsystem="persist" outcome="ok" path=/Users/ezra/.config/herdr/session.json workspaces=5
2026-07-07T14:56:06.607731Z  INFO herdr::logging: checking for updates event="update.check.start" subsystem="update" outcome="started"
2026-07-07T16:38:08.614948Z  INFO herdr::logging: checking for updates event="update.check.start" subsystem="update" outcome="started"
2026-07-07T16:38:09.244065Z  INFO herdr::logging: update available event="update.available" subsystem="update" outcome="ok" version="0.7.2"
2026-07-07T16:38:09.244374Z  INFO herdr::update: new stable build available at https://github.com/ogulcancelik/herdr/releases/download/v0.7.2/herdr-macos-aarch64
2026-07-07T16:38:09.246026Z  INFO herdr::update: auto-update check: 0.7.2 available, waiting for explicit install
2026-07-07T16:57:22.436254Z  INFO herdr::logging: workspace focused event="workspace.focus" subsystem="workspace" outcome="ok" workspace_id="w3"
2026-07-07T16:57:22.438409Z  INFO herdr::logging: tab focused event="tab.focus" subsystem="tab" outcome="ok" workspace_id="w3" tab_id="w3:t1"
2026-07-07T16:57:22.700911Z  INFO herdr::logging: workspace focused event="workspace.focus" subsystem="workspace" outcome="ok" workspace_id="w3"
2026-07-07T16:57:22.700989Z  INFO herdr::logging: tab focused event="tab.focus" subsystem="tab" outcome="ok" workspace_id="w3" tab_id="w3:t1"
2026-07-07T16:57:24.269517Z  INFO herdr::logging: workspace focused event="workspace.focus" subsystem="workspace" outcome="ok" workspace_id="w2"
2026-07-07T16:57:24.269650Z  INFO herdr::logging: tab focused event="tab.focus" subsystem="tab" outcome="ok" workspace_id="w2" tab_id="w2:t1"
2026-07-07T16:57:25.117649Z  INFO herdr::logging: workspace focused event="workspace.focus" subsystem="workspace" outcome="ok" workspace_id="w1"
2026-07-07T16:57:25.117777Z  INFO herdr::logging: tab focused event="tab.focus" subsystem="tab" outcome="ok" workspace_id="w1" tab_id="w1:t1"
2026-07-07T16:57:26.822963Z  INFO herdr::logging: workspace focused event="workspace.focus" subsystem="workspace" outcome="ok" workspace_id="w3"
2026-07-07T16:57:26.823051Z  INFO herdr::logging: tab focused event="tab.focus" subsystem="tab" outcome="ok" workspace_id="w3" tab_id="w3:t1"
2026-07-07T16:57:27.784452Z  INFO herdr::logging: workspace focused event="workspace.focus" subsystem="workspace" outcome="ok" workspace_id="w6"
2026-07-07T16:57:27.784610Z  INFO herdr::logging: tab focused event="tab.focus" subsystem="tab" outcome="ok" workspace_id="w6" tab_id="w6:t1"
2026-07-07T16:57:30.611414Z  INFO herdr::logging: workspace closed event="workspace.close" subsystem="workspace" outcome="ok" workspace_id="w6"
2026-07-07T16:57:35.618990Z  INFO herdr::logging: session saved event="persist.save" subsystem="persist" outcome="ok" path=/Users/ezra/.config/herdr/session.json workspaces=4
2026-07-15T13:24:23.822618Z  INFO herdr::platform::macos: raised server file descriptor soft limit previous=256 target=8192
2026-07-15T13:24:23.823976Z  INFO herdr::api::server: api server listening path=/Users/ezra/.config/herdr/herdr.sock
2026-07-15T13:24:23.827632Z  INFO herdr::logging: spawning pane terminal event="pane.spawn.start" subsystem="pane" outcome="started" pane_id=1 rows=24 cols=80 scrollback_limit_bytes=10000000
2026-07-15T13:24:23.832264Z  INFO herdr::logging: pane child spawned event="pane.spawned" subsystem="pane" outcome="ok" pane_id=1 pid=89751
2026-07-15T13:24:23.833893Z  INFO herdr::logging: spawning pane terminal event="pane.spawn.start" subsystem="pane" outcome="started" pane_id=2 rows=24 cols=80 scrollback_limit_bytes=10000000
2026-07-15T13:24:23.836208Z  INFO herdr::logging: pane child spawned event="pane.spawned" subsystem="pane" outcome="ok" pane_id=2 pid=89752
2026-07-15T13:24:23.836532Z  INFO herdr::logging: spawning pane terminal event="pane.spawn.start" subsystem="pane" outcome="started" pane_id=3 rows=24 cols=80 scrollback_limit_bytes=10000000
2026-07-15T13:24:23.838706Z  INFO herdr::logging: pane child spawned event="pane.spawned" subsystem="pane" outcome="ok" pane_id=3 pid=89753
2026-07-15T13:24:23.839162Z  INFO herdr::logging: spawning pane terminal event="pane.spawn.start" subsystem="pane" outcome="started" pane_id=4 rows=24 cols=80 scrollback_limit_bytes=10000000
2026-07-15T13:24:23.841473Z  INFO herdr::logging: pane child spawned event="pane.spawned" subsystem="pane" outcome="ok" pane_id=4 pid=89755
2026-07-15T13:24:23.841665Z  INFO herdr::logging: session restore evaluated event="persist.restore" subsystem="persist" outcome="ok" workspaces=4
2026-07-15T13:24:23.841915Z  INFO herdr::app: using pane scrollback configuration pane_scrollback_limit_bytes=10000000
2026-07-15T13:24:23.874752Z  INFO herdr::logging: checking for updates event="update.check.start" subsystem="update" outcome="started"
2026-07-15T13:24:23.875851Z  INFO herdr::server::headless: restored session already has workspaces; ignoring startup cwd cwd=/Users/ezra/Developer/Work/01 Projects/code
2026-07-15T13:24:23.876120Z  INFO herdr::server::headless: client protocol socket listening path=/Users/ezra/.config/herdr/herdr-client.sock
2026-07-15T13:24:23.876138Z  INFO herdr::server::headless: herdr server started api_socket=/Users/ezra/.config/herdr/herdr.sock client_socket=/Users/ezra/.config/herdr/herdr-client.sock
2026-07-15T13:24:23.876171Z  INFO herdr::logging: herdr starting event="app.startup" subsystem="server" outcome="started" pid=89750
2026-07-15T13:24:24.133926Z  INFO herdr::server::headless: client connected client_id=2 cols=202 rows=43 cell_width_px=0 cell_height_px=0 render_encoding=SemanticFrame
2026-07-15T13:24:27.712359Z  INFO herdr::logging: workspace focused event="workspace.focus" subsystem="workspace" outcome="ok" workspace_id="w2"
2026-07-15T13:24:27.712468Z  INFO herdr::logging: tab focused event="tab.focus" subsystem="tab" outcome="ok" workspace_id="w2" tab_id="w2:t1"
2026-07-15T13:24:28.346932Z  INFO herdr::logging: workspace focused event="workspace.focus" subsystem="workspace" outcome="ok" workspace_id="w1"
2026-07-15T13:24:28.347217Z  INFO herdr::logging: tab focused event="tab.focus" subsystem="tab" outcome="ok" workspace_id="w1" tab_id="w1:t1"
2026-07-15T13:24:28.938058Z  WARN herdr::logging: update check failed event="update.check.complete" subsystem="update" outcome="error" err="failed to fetch update manifest"
2026-07-15T13:24:33.352009Z  INFO herdr::logging: session saved event="persist.save" subsystem="persist" outcome="ok" path=/Users/ezra/.config/herdr/session.json workspaces=4
2026-07-15T13:24:41.473594Z  INFO herdr::server::headless: client resize client_id=2 cols=213 rows=46 cell_width_px=0 cell_height_px=0
2026-07-15T13:24:41.679505Z  INFO herdr::server::headless: client resize client_id=2 cols=225 rows=48 cell_width_px=0 cell_height_px=0
2026-07-15T13:24:41.888350Z  INFO herdr::server::headless: client resize client_id=2 cols=238 rows=52 cell_width_px=0 cell_height_px=0
2026-07-15T13:24:41.908950Z  WARN herdr::detect::manifest_update: agent detection manifest update failed: failed to fetch https://herdr.dev/agent-detection/index.toml
2026-07-15T13:25:54.483536Z  INFO herdr::logging: workspace focused event="workspace.focus" subsystem="workspace" outcome="ok" workspace_id="w2"
2026-07-15T13:25:54.483655Z  INFO herdr::logging: tab focused event="tab.focus" subsystem="tab" outcome="ok" workspace_id="w2" tab_id="w2:t1"
2026-07-15T13:25:59.484931Z  INFO herdr::logging: session saved event="persist.save" subsystem="persist" outcome="ok" path=/Users/ezra/.config/herdr/session.json workspaces=4
2026-07-15T13:26:01.814533Z  INFO herdr::pane: agent changed pane=2 previous_agent=None agent=Some(Hermes) process=hermes pgid=Some(90512)
2026-07-15T13:26:14.370546Z  INFO herdr::pane: agent changed pane=2 previous_agent=None agent=Some(Hermes) process=hermes pgid=Some(90512)
2026-07-15T13:26:19.375475Z  INFO herdr::logging: session saved event="persist.save" subsystem="persist" outcome="ok" path=/Users/ezra/.config/herdr/session.json workspaces=4
2026-07-15T13:26:59.257495Z  INFO herdr::logging: workspace focused event="workspace.focus" subsystem="workspace" outcome="ok" workspace_id="w3"
2026-07-15T13:26:59.257628Z  INFO herdr::logging: tab focused event="tab.focus" subsystem="tab" outcome="ok" workspace_id="w3" tab_id="w3:t1"
2026-07-15T13:27:04.263430Z  INFO herdr::logging: session saved event="persist.save" subsystem="persist" outcome="ok" path=/Users/ezra/.config/herdr/session.json workspaces=4
2026-07-15T13:27:17.896044Z  INFO herdr::logging: workspace focused event="workspace.focus" subsystem="workspace" outcome="ok" workspace_id="w1"
2026-07-15T13:27:17.896098Z  INFO herdr::logging: tab focused event="tab.focus" subsystem="tab" outcome="ok" workspace_id="w1" tab_id="w1:t1"
2026-07-15T13:27:22.909915Z  INFO herdr::logging: session saved event="persist.save" subsystem="persist" outcome="ok" path=/Users/ezra/.config/herdr/session.json workspaces=4
2026-07-15T13:54:41.957171Z  WARN herdr::detect::manifest_update: agent detection manifest update failed: failed to fetch https://herdr.dev/agent-detection/index.toml
2026-07-15T14:24:41.953979Z  WARN herdr::detect::manifest_update: agent detection manifest update failed: failed to fetch https://herdr.dev/agent-detection/index.toml
2026-07-15T14:54:41.949427Z  WARN herdr::detect::manifest_update: agent detection manifest update failed: failed to fetch https://herdr.dev/agent-detection/index.toml
2026-07-15T15:24:41.961604Z  WARN herdr::detect::manifest_update: agent detection manifest update failed: failed to fetch https://herdr.dev/agent-detection/index.toml
2026-07-15T15:54:41.969530Z  WARN herdr::detect::manifest_update: agent detection manifest update failed: failed to fetch https://herdr.dev/agent-detection/index.toml
2026-07-15T16:24:41.986569Z  WARN herdr::detect::manifest_update: agent detection manifest update failed: failed to fetch https://herdr.dev/agent-detection/index.toml
2026-07-15T16:54:41.996294Z  WARN herdr::detect::manifest_update: agent detection manifest update failed: failed to fetch https://herdr.dev/agent-detection/index.toml
2026-07-15T17:23:43.123627Z  INFO herdr::logging: pane child exited event="pane.exit" subsystem="pane" outcome="completed" pane_id=1 status="ExitStatus { code: 130, signal: None }"
2026-07-15T17:23:43.124419Z  INFO herdr::pane: pane session terminated pane=1 pid=89751 signal=Hangup
2026-07-15T17:23:45.522623Z  INFO herdr::pane: agent changed pane=2 previous_agent=Some(Hermes) agent=None pgid=Some(89752)
2026-07-15T17:23:50.225689Z  INFO herdr::logging: session saved event="persist.save" subsystem="persist" outcome="ok" path=/Users/ezra/.config/herdr/session.json workspaces=3
2026-07-15T17:23:51.861340Z  INFO herdr::logging: pane child exited event="pane.exit" subsystem="pane" outcome="completed" pane_id=2 status="ExitStatus { code: 0, signal: None }"
2026-07-15T17:23:51.861481Z  INFO herdr::pane: pane session terminated pane=2 pid=89752 signal=Hangup
2026-07-15T17:23:56.863003Z  INFO herdr::logging: session saved event="persist.save" subsystem="persist" outcome="ok" path=/Users/ezra/.config/herdr/session.json workspaces=2
2026-07-15T17:23:58.641767Z  INFO herdr::logging: pane child exited event="pane.exit" subsystem="pane" outcome="completed" pane_id=3 status="ExitStatus { code: 0, signal: None }"
2026-07-15T17:23:58.641916Z  INFO herdr::pane: pane session terminated pane=3 pid=89753 signal=Hangup
2026-07-15T17:23:59.927325Z  INFO herdr::logging: pane child exited event="pane.exit" subsystem="pane" outcome="completed" pane_id=4 status="ExitStatus { code: 0, signal: None }"
2026-07-15T17:23:59.927379Z  INFO herdr::pane: pane session terminated pane=4 pid=89755 signal=Hangup
2026-07-15T17:23:59.927435Z  INFO herdr::logging: spawning pane terminal event="pane.spawn.start" subsystem="pane" outcome="started" pane_id=5 rows=51 cols=212 scrollback_limit_bytes=10000000
2026-07-15T17:23:59.930803Z  INFO herdr::logging: pane child spawned event="pane.spawned" subsystem="pane" outcome="ok" pane_id=5 pid=8422
2026-07-15T17:23:59.931246Z  INFO herdr::logging: workspace created event="workspace.create" subsystem="workspace" outcome="ok" workspace_id="w6" pane_id=5
2026-07-15T17:23:59.931261Z  INFO herdr::logging: workspace focused event="workspace.focus" subsystem="workspace" outcome="ok" workspace_id="w6"
2026-07-15T17:23:59.931270Z  INFO herdr::logging: tab focused event="tab.focus" subsystem="tab" outcome="ok" workspace_id="w6" tab_id="w6:t1"
2026-07-15T17:24:04.950167Z  INFO herdr::logging: session saved event="persist.save" subsystem="persist" outcome="ok" path=/Users/ezra/.config/herdr/session.json workspaces=1
2026-07-15T17:24:06.663870Z  INFO herdr::logging: pane child exited event="pane.exit" subsystem="pane" outcome="completed" pane_id=5 status="ExitStatus { code: 130, signal: None }"
2026-07-15T17:24:06.663995Z  INFO herdr::pane: pane session terminated pane=5 pid=8422 signal=Hangup
2026-07-15T17:24:06.664133Z  INFO herdr::logging: spawning pane terminal event="pane.spawn.start" subsystem="pane" outcome="started" pane_id=6 rows=51 cols=212 scrollback_limit_bytes=10000000
2026-07-15T17:24:06.670276Z  INFO herdr::logging: pane child spawned event="pane.spawned" subsystem="pane" outcome="ok" pane_id=6 pid=8526
2026-07-15T17:24:06.670533Z  INFO herdr::logging: workspace created event="workspace.create" subsystem="workspace" outcome="ok" workspace_id="w7" pane_id=6
2026-07-15T17:24:06.670554Z  INFO herdr::logging: workspace focused event="workspace.focus" subsystem="workspace" outcome="ok" workspace_id="w7"
2026-07-15T17:24:06.670569Z  INFO herdr::logging: tab focused event="tab.focus" subsystem="tab" outcome="ok" workspace_id="w7" tab_id="w7:t1"
2026-07-15T17:24:07.044219Z  INFO herdr::logging: pane child exited event="pane.exit" subsystem="pane" outcome="completed" pane_id=6 status="ExitStatus { code: 0, signal: None }"
2026-07-15T17:24:07.044288Z  INFO herdr::pane: pane session terminated pane=6 pid=8526 signal=Hangup
2026-07-15T17:24:07.044365Z  INFO herdr::logging: spawning pane terminal event="pane.spawn.start" subsystem="pane" outcome="started" pane_id=7 rows=51 cols=212 scrollback_limit_bytes=10000000
2026-07-15T17:24:07.048082Z  INFO herdr::logging: pane child spawned event="pane.spawned" subsystem="pane" outcome="ok" pane_id=7 pid=8576
2026-07-15T17:24:07.048277Z  INFO herdr::logging: workspace created event="workspace.create" subsystem="workspace" outcome="ok" workspace_id="w8" pane_id=7
2026-07-15T17:24:07.048289Z  INFO herdr::logging: workspace focused event="workspace.focus" subsystem="workspace" outcome="ok" workspace_id="w8"
2026-07-15T17:24:07.048298Z  INFO herdr::logging: tab focused event="tab.focus" subsystem="tab" outcome="ok" workspace_id="w8" tab_id="w8:t1"
2026-07-15T17:24:11.469589Z  INFO herdr::server::headless: client disconnected client_id=2
2026-07-15T17:24:12.064580Z  INFO herdr::logging: session saved event="persist.save" subsystem="persist" outcome="ok" path=/Users/ezra/.config/herdr/session.json workspaces=1
2026-07-15T17:24:36.982692Z  WARN herdr::detect::manifest_update: agent detection manifest update failed: failed to fetch https://herdr.dev/agent-detection/index.toml
2026-07-15T17:54:24.378501Z  WARN herdr::detect::manifest_update: skipping unknown remote manifest agent agent="maki"
2026-07-15T18:24:23.912853Z  WARN herdr::detect::manifest_update: skipping unknown remote manifest agent agent="maki"
2026-07-15T18:54:41.695378Z  WARN herdr::detect::manifest_update: agent detection manifest update failed: failed to fetch https://herdr.dev/agent-detection/index.toml
2026-07-15T19:24:24.442406Z  WARN herdr::detect::manifest_update: skipping unknown remote manifest agent agent="maki"
2026-07-15T19:54:24.117613Z  WARN herdr::detect::manifest_update: skipping unknown remote manifest agent agent="maki"
2026-07-15T20:24:24.151321Z  WARN herdr::detect::manifest_update: skipping unknown remote manifest agent agent="maki"
2026-07-15T20:54:24.179271Z  WARN herdr::detect::manifest_update: skipping unknown remote manifest agent agent="maki"
2026-07-15T21:24:24.144796Z  WARN herdr::detect::manifest_update: skipping unknown remote manifest agent agent="maki"
2026-07-15T21:54:24.088646Z  WARN herdr::detect::manifest_update: skipping unknown remote manifest agent agent="maki"
2026-07-15T22:24:24.071117Z  WARN herdr::detect::manifest_update: skipping unknown remote manifest agent agent="maki"
2026-07-16T06:24:42.299504Z  WARN herdr::detect::manifest_update: skipping unknown remote manifest agent agent="maki"
2026-07-16T06:54:42.228487Z  WARN herdr::detect::manifest_update: skipping unknown remote manifest agent agent="maki"
2026-07-16T07:24:42.101879Z  WARN herdr::detect::manifest_update: skipping unknown remote manifest agent agent="maki"
2026-07-16T07:54:43.085497Z  WARN herdr::detect::manifest_update: skipping unknown remote manifest agent agent="maki"
2026-07-16T08:24:43.438567Z  WARN herdr::detect::manifest_update: skipping unknown remote manifest agent agent="maki"
2026-07-16T08:54:59.804010Z  WARN herdr::detect::manifest_update: agent detection manifest update failed: failed to fetch https://herdr.dev/agent-detection/index.toml
2026-07-16T09:24:42.669488Z  WARN herdr::detect::manifest_update: skipping unknown remote manifest agent agent="maki"
2026-07-16T09:54:42.663189Z  WARN herdr::detect::manifest_update: skipping unknown remote manifest agent agent="maki"
2026-07-16T10:24:42.428748Z  WARN herdr::detect::manifest_update: skipping unknown remote manifest agent agent="maki"
2026-07-16T10:54:42.619955Z  WARN herdr::detect::manifest_update: skipping unknown remote manifest agent agent="maki"
2026-07-16T11:24:42.490398Z  WARN herdr::detect::manifest_update: skipping unknown remote manifest agent agent="maki"
2026-07-16T11:54:42.591631Z  WARN herdr::detect::manifest_update: skipping unknown remote manifest agent agent="maki"
2026-07-16T12:24:42.368100Z  WARN herdr::detect::manifest_update: skipping unknown remote manifest agent agent="maki"
2026-07-16T12:54:42.356547Z  WARN herdr::detect::manifest_update: skipping unknown remote manifest agent agent="maki"
2026-07-29T04:11:17.165909Z  INFO herdr::platform::macos: raised server file descriptor soft limit previous=256 target=8192
2026-07-29T04:11:17.167186Z  INFO herdr::api::server: api server listening path=/Users/ezra/.config/herdr/herdr.sock
2026-07-29T04:11:17.168628Z  INFO herdr::logging: spawning pane terminal event="pane.spawn.start" subsystem="pane" outcome="started" pane_id=1 rows=24 cols=80 scrollback_limit_bytes=10000000
2026-07-29T04:11:17.172853Z  INFO herdr::logging: pane child spawned event="pane.spawned" subsystem="pane" outcome="ok" pane_id=1 pid=4984
2026-07-29T04:11:17.173275Z  INFO herdr::logging: session restore evaluated event="persist.restore" subsystem="persist" outcome="ok" workspaces=1
2026-07-29T04:11:17.173376Z  INFO herdr::app: using pane scrollback configuration pane_scrollback_limit_bytes=10000000
2026-07-29T04:11:17.206547Z  INFO herdr::logging: checking for updates event="update.check.start" subsystem="update" outcome="started"
2026-07-29T04:11:17.207573Z  INFO herdr::server::headless: restored session already has workspaces; ignoring startup cwd cwd=/Users/ezra/Developer/Work/01 Projects/code
2026-07-29T04:11:17.207837Z  INFO herdr::server::headless: client protocol socket listening path=/Users/ezra/.config/herdr/herdr-client.sock
2026-07-29T04:11:17.207857Z  INFO herdr::server::headless: herdr server started api_socket=/Users/ezra/.config/herdr/herdr.sock client_socket=/Users/ezra/.config/herdr/herdr-client.sock
2026-07-29T04:11:17.207904Z  INFO herdr::logging: herdr starting event="app.startup" subsystem="server" outcome="started" pid=4983
2026-07-29T04:11:17.463643Z  INFO herdr::server::headless: client connected client_id=2 cols=202 rows=43 cell_width_px=0 cell_height_px=0 render_encoding=SemanticFrame
2026-07-29T04:11:18.180063Z  WARN herdr::detect::manifest_update: skipping unknown remote manifest agent agent="maki"
2026-07-29T04:11:18.419526Z  INFO herdr::logging: update available event="update.available" subsystem="update" outcome="ok" version="0.7.5"
2026-07-29T04:11:18.419580Z  INFO herdr::update: new stable build available at https://github.com/ogulcancelik/herdr/releases/download/v0.7.5/herdr-macos-aarch64
2026-07-29T04:11:18.420886Z  INFO herdr::update: auto-update check: 0.7.5 available, waiting for explicit install
2026-07-29T04:19:22.284238Z  INFO herdr::logging: spawning pane terminal event="pane.spawn.start" subsystem="pane" outcome="started" pane_id=2 rows=42 cols=176 scrollback_limit_bytes=10000000
2026-07-29T04:19:22.292338Z  INFO herdr::logging: pane child spawned event="pane.spawned" subsystem="pane" outcome="ok" pane_id=2 pid=8714
2026-07-29T04:19:22.292846Z  INFO herdr::logging: tab focused event="tab.focus" subsystem="tab" outcome="ok" workspace_id="w8" tab_id="w8:t2"
2026-07-29T04:19:22.292916Z  INFO herdr::logging: tab created event="tab.create" subsystem="tab" outcome="ok" workspace_id="w8" tab_id="w8:t2" pane_id=2
2026-07-29T04:19:23.973569Z  INFO herdr::logging: tab focused event="tab.focus" subsystem="tab" outcome="ok" workspace_id="w8" tab_id="w8:t1"
2026-07-29T04:19:24.632984Z  INFO herdr::logging: tab focused event="tab.focus" subsystem="tab" outcome="ok" workspace_id="w8" tab_id="w8:t2"
2026-07-29T04:19:29.642076Z  INFO herdr::logging: session saved event="persist.save" subsystem="persist" outcome="ok" path=/Users/ezra/.config/herdr/session.json workspaces=1
2026-07-29T04:41:13.224495Z  INFO herdr::logging: spawning pane terminal event="pane.spawn.start" subsystem="pane" outcome="started" pane_id=3 rows=42 cols=198 scrollback_limit_bytes=10000000
2026-07-29T04:41:13.229634Z  INFO herdr::logging: pane child spawned event="pane.spawned" subsystem="pane" outcome="ok" pane_id=3 pid=18342
2026-07-29T04:41:13.229976Z  INFO herdr::logging: workspace created event="workspace.create" subsystem="workspace" outcome="ok" workspace_id="w9" pane_id=3
2026-07-29T04:41:13.230022Z  INFO herdr::logging: workspace focused event="workspace.focus" subsystem="workspace" outcome="ok" workspace_id="w9"
2026-07-29T04:41:13.230036Z  INFO herdr::logging: tab focused event="tab.focus" subsystem="tab" outcome="ok" workspace_id="w9" tab_id="w9:t1"
2026-07-29T04:41:17.744136Z  WARN herdr::detect::manifest_update: skipping unknown remote manifest agent agent="maki"
2026-07-29T04:41:18.242463Z  INFO herdr::logging: session saved event="persist.save" subsystem="persist" outcome="ok" path=/Users/ezra/.config/herdr/session.json workspaces=2
2026-07-29T04:42:09.483436Z  INFO herdr::logging: pane child exited event="pane.exit" subsystem="pane" outcome="completed" pane_id=3 status="ExitStatus { code: 0, signal: None }"
2026-07-29T04:42:09.483567Z  INFO herdr::pane: pane session terminated pane=3 pid=18342 signal=Hangup
2026-07-29T04:42:14.486517Z  INFO herdr::logging: session saved event="persist.save" subsystem="persist" outcome="ok" path=/Users/ezra/.config/herdr/session.json workspaces=1
2026-07-29T04:45:52.881492Z  INFO herdr::logging: tab focused event="tab.focus" subsystem="tab" outcome="ok" workspace_id="w8" tab_id="w8:t1"
2026-07-29T04:45:57.886966Z  INFO herdr::logging: session saved event="persist.save" subsystem="persist" outcome="ok" path=/Users/ezra/.config/herdr/session.json workspaces=1
2026-07-29T04:48:45.415188Z  INFO herdr::server::headless: client resize client_id=2 cols=177 rows=31 cell_width_px=0 cell_height_px=0
2026-07-29T04:48:48.230454Z  INFO herdr::server::headless: client resize client_id=2 cols=186 rows=33 cell_width_px=0 cell_height_px=0
2026-07-29T04:48:48.427529Z  INFO herdr::server::headless: client resize client_id=2 cols=196 rows=35 cell_width_px=0 cell_height_px=0
2026-07-29T04:48:55.312523Z  INFO herdr::server::headless: client resize client_id=2 cols=225 rows=48 cell_width_px=0 cell_height_px=0
2026-07-29T04:49:08.207032Z  INFO herdr::server::headless: client resize client_id=2 cols=196 rows=35 cell_width_px=0 cell_height_px=0
2026-07-29T04:49:11.330069Z  INFO herdr::logging: tab focused event="tab.focus" subsystem="tab" outcome="ok" workspace_id="w8" tab_id="w8:t2"
2026-07-29T04:49:12.830449Z  INFO herdr::logging: tab focused event="tab.focus" subsystem="tab" outcome="ok" workspace_id="w8" tab_id="w8:t1"
2026-07-29T04:49:15.353888Z  INFO herdr::logging: tab focused event="tab.focus" subsystem="tab" outcome="ok" workspace_id="w8" tab_id="w8:t2"
2026-07-29T04:49:16.313770Z  INFO herdr::logging: tab focused event="tab.focus" subsystem="tab" outcome="ok" workspace_id="w8" tab_id="w8:t1"
2026-07-29T04:49:21.321181Z  INFO herdr::logging: session saved event="persist.save" subsystem="persist" outcome="ok" path=/Users/ezra/.config/herdr/session.json workspaces=1
2026-07-29T04:49:22.130865Z  INFO herdr::logging: tab focused event="tab.focus" subsystem="tab" outcome="ok" workspace_id="w8" tab_id="w8:t2"
2026-07-29T04:49:24.720902Z  INFO herdr::logging: tab focused event="tab.focus" subsystem="tab" outcome="ok" workspace_id="w8" tab_id="w8:t1"
2026-07-29T04:49:29.724689Z  INFO herdr::logging: session saved event="persist.save" subsystem="persist" outcome="ok" path=/Users/ezra/.config/herdr/session.json workspaces=1
2026-07-29T04:49:41.021262Z  INFO herdr::logging: tab focused event="tab.focus" subsystem="tab" outcome="ok" workspace_id="w8" tab_id="w8:t2"
2026-07-29T04:49:41.763137Z  INFO herdr::logging: tab focused event="tab.focus" subsystem="tab" outcome="ok" workspace_id="w8" tab_id="w8:t1"
2026-07-29T04:49:45.254302Z  INFO herdr::logging: tab focused event="tab.focus" subsystem="tab" outcome="ok" workspace_id="w8" tab_id="w8:t2"
2026-07-29T04:49:47.370177Z  INFO herdr::logging: tab focused event="tab.focus" subsystem="tab" outcome="ok" workspace_id="w8" tab_id="w8:t1"
2026-07-29T04:49:52.378745Z  INFO herdr::logging: session saved event="persist.save" subsystem="persist" outcome="ok" path=/Users/ezra/.config/herdr/session.json workspaces=1
2026-07-29T04:50:35.100946Z  INFO herdr::logging: pane child exited event="pane.exit" subsystem="pane" outcome="completed" pane_id=1 status="ExitStatus { code: 0, signal: None }"
2026-07-29T04:50:35.101104Z  INFO herdr::pane: pane session terminated pane=1 pid=4984 signal=Hangup
2026-07-29T04:50:40.105041Z  INFO herdr::logging: session saved event="persist.save" subsystem="persist" outcome="ok" path=/Users/ezra/.config/herdr/session.json workspaces=1
2026-07-29T04:50:51.958035Z  INFO herdr::logging: workspace focused event="workspace.focus" subsystem="workspace" outcome="ok" workspace_id="w8"
2026-07-29T04:50:51.958226Z  INFO herdr::logging: tab focused event="tab.focus" subsystem="tab" outcome="ok" workspace_id="w8" tab_id="w8:t2"
2026-07-29T04:50:56.964927Z  INFO herdr::logging: session saved event="persist.save" subsystem="persist" outcome="ok" path=/Users/ezra/.config/herdr/session.json workspaces=1
2026-07-29T05:11:17.897375Z  WARN herdr::detect::manifest_update: skipping unknown remote manifest agent agent="maki"
2026-07-29T05:19:55.196716Z  INFO herdr::logging: pane child exited event="pane.exit" subsystem="pane" outcome="completed" pane_id=2 status="ExitStatus { code: 0, signal: None }"
2026-07-29T05:19:55.197313Z  INFO herdr::pane: pane session terminated pane=2 pid=8714 signal=Hangup
2026-07-29T05:19:55.198458Z  INFO herdr::logging: spawning pane terminal event="pane.spawn.start" subsystem="pane" outcome="started" pane_id=4 rows=34 cols=192 scrollback_limit_bytes=10000000
2026-07-29T05:19:55.207024Z  INFO herdr::logging: pane child spawned event="pane.spawned" subsystem="pane" outcome="ok" pane_id=4 pid=36362
2026-07-29T05:19:55.208275Z  INFO herdr::logging: workspace created event="workspace.create" subsystem="workspace" outcome="ok" workspace_id="wA" pane_id=4
2026-07-29T05:19:55.208523Z  INFO herdr::logging: workspace focused event="workspace.focus" subsystem="workspace" outcome="ok" workspace_id="wA"
2026-07-29T05:19:55.208551Z  INFO herdr::logging: tab focused event="tab.focus" subsystem="tab" outcome="ok" workspace_id="wA" tab_id="wA:t1"
2026-07-29T05:19:56.274411Z  INFO herdr::logging: pane child exited event="pane.exit" subsystem="pane" outcome="completed" pane_id=4 status="ExitStatus { code: 0, signal: None }"
2026-07-29T05:19:56.274456Z  INFO herdr::pane: pane session terminated pane=4 pid=36362 signal=Hangup
2026-07-29T05:19:56.274543Z  INFO herdr::logging: spawning pane terminal event="pane.spawn.start" subsystem="pane" outcome="started" pane_id=5 rows=34 cols=192 scrollback_limit_bytes=10000000
2026-07-29T05:19:56.277497Z  INFO herdr::logging: pane child spawned event="pane.spawned" subsystem="pane" outcome="ok" pane_id=5 pid=36459
2026-07-29T05:19:56.277638Z  INFO herdr::logging: workspace created event="workspace.create" subsystem="workspace" outcome="ok" workspace_id="wB" pane_id=5
2026-07-29T05:19:56.277647Z  INFO herdr::logging: workspace focused event="workspace.focus" subsystem="workspace" outcome="ok" workspace_id="wB"
2026-07-29T05:19:56.277654Z  INFO herdr::logging: tab focused event="tab.focus" subsystem="tab" outcome="ok" workspace_id="wB" tab_id="wB:t1"
2026-07-29T05:19:57.126137Z  INFO herdr::logging: pane child exited event="pane.exit" subsystem="pane" outcome="completed" pane_id=5 status="ExitStatus { code: 0, signal: None }"
2026-07-29T05:19:57.126235Z  INFO herdr::pane: pane session terminated pane=5 pid=36459 signal=Hangup
2026-07-29T05:19:57.126364Z  INFO herdr::logging: spawning pane terminal event="pane.spawn.start" subsystem="pane" outcome="started" pane_id=6 rows=34 cols=192 scrollback_limit_bytes=10000000
2026-07-29T05:19:57.133778Z  INFO herdr::logging: pane child spawned event="pane.spawned" subsystem="pane" outcome="ok" pane_id=6 pid=36513
2026-07-29T05:19:57.134085Z  INFO herdr::logging: workspace created event="workspace.create" subsystem="workspace" outcome="ok" workspace_id="wC" pane_id=6
2026-07-29T05:19:57.134105Z  INFO herdr::logging: workspace focused event="workspace.focus" subsystem="workspace" outcome="ok" workspace_id="wC"
2026-07-29T05:19:57.134124Z  INFO herdr::logging: tab focused event="tab.focus" subsystem="tab" outcome="ok" workspace_id="wC" tab_id="wC:t1"
2026-07-29T05:20:02.140017Z  INFO herdr::logging: session saved event="persist.save" subsystem="persist" outcome="ok" path=/Users/ezra/.config/herdr/session.json workspaces=1
2026-07-29T05:22:45.830864Z  INFO herdr::logging: tab focused event="tab.focus" subsystem="tab" outcome="ok" workspace_id="wC" tab_id="wC:t1"
2026-07-29T05:22:50.838127Z  INFO herdr::logging: session saved event="persist.save" subsystem="persist" outcome="ok" path=/Users/ezra/.config/herdr/session.json workspaces=1
2026-07-29T05:23:39.919999Z  INFO herdr::app::worktrees: opening worktree dialog ws_idx=0 repo_root=/Users/ezra/Developer/Work/01 Projects/code/shenyang_University2 branch="worktree/green-field-1653" checkout_path=/Users/ezra/.herdr/worktrees/shenyang_University2/worktree-green-field-1653
2026-07-29T05:23:45.778007Z  INFO herdr::app::worktrees: starting git worktree add repo_root=/Users/ezra/Developer/Work/01 Projects/code/shenyang_University2 branch=worktree/green-field-1653 checkout_path=/Users/ezra/.herdr/worktrees/shenyang_University2/worktree-green-field-1653
2026-07-29T05:23:45.829125Z  WARN herdr::app::worktrees: git worktree add failed checkout_path=/Users/ezra/.herdr/worktrees/shenyang_University2/worktree-green-field-1653 error=fatal: invalid reference: HEAD
2026-07-29T05:23:49.070457Z  INFO herdr::app::worktrees: starting git worktree add repo_root=/Users/ezra/Developer/Work/01 Projects/code/shenyang_University2 branch=worktree/green-field-1653 checkout_path=/Users/ezra/.herdr/worktrees/shenyang_University2/worktree-green-field-1653
2026-07-29T05:23:49.120602Z  WARN herdr::app::worktrees: git worktree add failed checkout_path=/Users/ezra/.herdr/worktrees/shenyang_University2/worktree-green-field-1653 error=fatal: invalid reference: HEAD
2026-07-29T05:23:54.988366Z  INFO herdr::logging: spawning pane terminal event="pane.spawn.start" subsystem="pane" outcome="started" pane_id=7 rows=34 cols=170 scrollback_limit_bytes=10000000
2026-07-29T05:23:54.995265Z  INFO herdr::logging: pane child spawned event="pane.spawned" subsystem="pane" outcome="ok" pane_id=7 pid=38114
2026-07-29T05:23:54.995827Z  INFO herdr::logging: workspace created event="workspace.create" subsystem="workspace" outcome="ok" workspace_id="wD" pane_id=7
2026-07-29T05:23:54.995849Z  INFO herdr::logging: workspace focused event="workspace.focus" subsystem="workspace" outcome="ok" workspace_id="wD"
2026-07-29T05:23:54.995875Z  INFO herdr::logging: tab focused event="tab.focus" subsystem="tab" outcome="ok" workspace_id="wD" tab_id="wD:t1"
2026-07-29T05:24:00.005496Z  INFO herdr::logging: session saved event="persist.save" subsystem="persist" outcome="ok" path=/Users/ezra/.config/herdr/session.json workspaces=2
2026-07-29T05:41:17.923079Z  WARN herdr::detect::manifest_update: skipping unknown remote manifest agent agent="maki"
2026-07-29T06:11:21.338324Z  WARN herdr::detect::manifest_update: skipping unknown remote manifest agent agent="maki"
2026-07-29T14:38:20.513044Z  INFO herdr::logging: workspace focused event="workspace.focus" subsystem="workspace" outcome="ok" workspace_id="wC"
2026-07-29T14:38:20.514957Z  INFO herdr::logging: tab focused event="tab.focus" subsystem="tab" outcome="ok" workspace_id="wC" tab_id="wC:t1"
2026-07-29T14:38:21.493958Z  INFO herdr::logging: workspace focused event="workspace.focus" subsystem="workspace" outcome="ok" workspace_id="wD"
2026-07-29T14:38:21.494113Z  INFO herdr::logging: tab focused event="tab.focus" subsystem="tab" outcome="ok" workspace_id="wD" tab_id="wD:t1"
2026-07-29T14:38:22.244393Z  INFO herdr::logging: workspace focused event="workspace.focus" subsystem="workspace" outcome="ok" workspace_id="wC"
2026-07-29T14:38:22.244520Z  INFO herdr::logging: tab focused event="tab.focus" subsystem="tab" outcome="ok" workspace_id="wC" tab_id="wC:t1"
2026-07-29T14:38:25.112575Z  INFO herdr::logging: pane child exited event="pane.exit" subsystem="pane" outcome="completed" pane_id=6 status="ExitStatus { code: 0, signal: None }"
2026-07-29T14:38:25.113316Z  INFO herdr::pane: pane session terminated pane=6 pid=36513 signal=Hangup
2026-07-29T14:38:30.120507Z  INFO herdr::logging: session saved event="persist.save" subsystem="persist" outcome="ok" path=/Users/ezra/.config/herdr/session.json workspaces=1
2026-07-29T14:48:14.168672Z  WARN herdr::detect::manifest_update: skipping unknown remote manifest agent agent="maki"
2026-07-29T15:18:11.864902Z  WARN herdr::detect::manifest_update: skipping unknown remote manifest agent agent="maki"
2026-07-29T16:33:46.310729Z  WARN herdr::detect::manifest_update: skipping unknown remote manifest agent agent="maki"
2026-07-29T17:24:33.211335Z  WARN herdr::detect::manifest_update: skipping unknown remote manifest agent agent="maki"
2026-07-29T18:10:02.219733Z  WARN herdr::detect::manifest_update: skipping unknown remote manifest agent agent="maki"
2026-07-29T18:40:02.042045Z  WARN herdr::detect::manifest_update: skipping unknown remote manifest agent agent="maki"
2026-07-29T19:08:25.444708Z  INFO herdr::server::headless: client connected client_id=4 cols=96 rows=35 cell_width_px=0 cell_height_px=0 render_encoding=SemanticFrame
2026-07-29T19:10:02.091014Z  WARN herdr::detect::manifest_update: skipping unknown remote manifest agent agent="maki"
2026-07-29T19:34:00.943614Z  INFO herdr::server::headless: client resize client_id=4 cols=196 rows=35 cell_width_px=0 cell_height_px=0
2026-07-29T19:34:28.464791Z  INFO herdr::logging: spawning pane terminal event="pane.spawn.start" subsystem="pane" outcome="started" pane_id=8 rows=34 cols=170 scrollback_limit_bytes=10000000
2026-07-29T19:34:28.473033Z  INFO herdr::logging: pane child spawned event="pane.spawned" subsystem="pane" outcome="ok" pane_id=8 pid=29381
2026-07-29T19:34:28.473615Z  INFO herdr::logging: tab focused event="tab.focus" subsystem="tab" outcome="ok" workspace_id="wD" tab_id="wD:t2"
2026-07-29T19:34:28.473814Z  INFO herdr::logging: tab created event="tab.create" subsystem="tab" outcome="ok" workspace_id="wD" tab_id="wD:t2" pane_id=8
2026-07-29T19:34:33.484736Z  INFO herdr::logging: session saved event="persist.save" subsystem="persist" outcome="ok" path=/Users/ezra/.config/herdr/session.json workspaces=1
2026-07-29T19:34:41.918915Z  INFO herdr::app::actions: copied double-clicked token to clipboard
2026-07-29T19:40:02.094430Z  WARN herdr::detect::manifest_update: skipping unknown remote manifest agent agent="maki"
2026-07-29T19:47:08.763849Z  INFO herdr::server::headless: client resize client_id=2 cols=194 rows=35 cell_width_px=0 cell_height_px=0
2026-07-29T19:47:08.865825Z  INFO herdr::server::headless: client resize client_id=2 cols=139 rows=27 cell_width_px=0 cell_height_px=0
2026-07-29T19:47:08.968082Z  INFO herdr::server::headless: client resize client_id=2 cols=117 rows=26 cell_width_px=0 cell_height_px=0
2026-07-29T19:47:09.068581Z  INFO herdr::server::headless: client resize client_id=2 cols=115 rows=27 cell_width_px=0 cell_height_px=0
2026-07-29T19:47:09.173684Z  INFO herdr::server::headless: client resize client_id=2 cols=110 rows=28 cell_width_px=0 cell_height_px=0
2026-07-29T19:47:09.278823Z  INFO herdr::server::headless: client resize client_id=2 cols=108 rows=27 cell_width_px=0 cell_height_px=0
2026-07-29T19:47:09.485162Z  INFO herdr::server::headless: client resize client_id=2 cols=108 rows=26 cell_width_px=0 cell_height_px=0
2026-07-29T19:47:09.590340Z  INFO herdr::server::headless: client resize client_id=2 cols=109 rows=25 cell_width_px=0 cell_height_px=0
2026-07-29T19:47:09.692140Z  INFO herdr::server::headless: client resize client_id=2 cols=112 rows=24 cell_width_px=0 cell_height_px=0
2026-07-29T19:47:09.797255Z  INFO herdr::server::headless: client resize client_id=2 cols=108 rows=28 cell_width_px=0 cell_height_px=0
2026-07-29T19:47:09.897834Z  INFO herdr::server::headless: client resize client_id=2 cols=107 rows=29 cell_width_px=0 cell_height_px=0
2026-07-29T19:47:10.210319Z  INFO herdr::server::headless: client resize client_id=2 cols=114 rows=29 cell_width_px=0 cell_height_px=0
2026-07-29T19:47:10.312478Z  INFO herdr::server::headless: client resize client_id=2 cols=138 rows=32 cell_width_px=0 cell_height_px=0
2026-07-29T19:47:10.417525Z  INFO herdr::server::headless: client resize client_id=2 cols=141 rows=33 cell_width_px=0 cell_height_px=0
2026-07-29T19:47:10.523282Z  INFO herdr::server::headless: client resize client_id=2 cols=140 rows=34 cell_width_px=0 cell_height_px=0
2026-07-29T19:47:10.623192Z  INFO herdr::server::headless: client resize client_id=2 cols=138 rows=35 cell_width_px=0 cell_height_px=0
2026-07-29T19:47:10.826954Z  INFO herdr::server::headless: client resize client_id=2 cols=137 rows=36 cell_width_px=0 cell_height_px=0
2026-07-29T19:47:10.928539Z  INFO herdr::server::headless: client resize client_id=2 cols=136 rows=36 cell_width_px=0 cell_height_px=0
2026-07-29T19:47:13.048935Z  INFO herdr::app::actions: copied selection to clipboard
2026-07-29T19:49:26.228316Z  INFO herdr::logging: tab focused event="tab.focus" subsystem="tab" outcome="ok" workspace_id="wD" tab_id="wD:t1"
2026-07-29T19:49:31.235206Z  INFO herdr::logging: session saved event="persist.save" subsystem="persist" outcome="ok" path=/Users/ezra/.config/herdr/session.json workspaces=1
2026-07-29T19:49:42.170762Z  INFO herdr::logging: tab focused event="tab.focus" subsystem="tab" outcome="ok" workspace_id="wD" tab_id="wD:t2"
2026-07-29T19:49:42.307933Z  INFO herdr::server::headless: client disconnected client_id=2
2026-07-29T19:49:46.358760Z  INFO herdr::logging: pane child exited event="pane.exit" subsystem="pane" outcome="completed" pane_id=8 status="ExitStatus { code: 0, signal: None }"
2026-07-29T19:49:46.359853Z  INFO herdr::pane: pane session terminated pane=8 pid=29381 signal=Hangup
2026-07-29T19:49:51.364970Z  INFO herdr::logging: session saved event="persist.save" subsystem="persist" outcome="ok" path=/Users/ezra/.config/herdr/session.json workspaces=1
2026-07-29T19:49:57.868112Z  INFO herdr::server::headless: client resize client_id=4 cols=177 rows=31 cell_width_px=0 cell_height_px=0
2026-07-29T19:50:29.062285Z  INFO herdr::server::headless: client resize client_id=4 cols=163 rows=31 cell_width_px=0 cell_height_px=0
2026-07-29T19:50:29.166841Z  INFO herdr::server::headless: client resize client_id=4 cols=149 rows=31 cell_width_px=0 cell_height_px=0
2026-07-29T19:50:29.270684Z  INFO herdr::server::headless: client resize client_id=4 cols=148 rows=31 cell_width_px=0 cell_height_px=0
2026-07-29T19:50:29.375783Z  INFO herdr::server::headless: client resize client_id=4 cols=147 rows=31 cell_width_px=0 cell_height_px=0
2026-07-29T19:50:29.480921Z  INFO herdr::server::headless: client resize client_id=4 cols=146 rows=31 cell_width_px=0 cell_height_px=0
2026-07-29T19:50:29.583318Z  INFO herdr::server::headless: client resize client_id=4 cols=144 rows=31 cell_width_px=0 cell_height_px=0
2026-07-29T19:50:29.789976Z  INFO herdr::server::headless: client resize client_id=4 cols=143 rows=31 cell_width_px=0 cell_height_px=0
2026-07-29T19:50:29.895144Z  INFO herdr::server::headless: client resize client_id=4 cols=141 rows=31 cell_width_px=0 cell_height_px=0
2026-07-29T19:50:29.999153Z  INFO herdr::server::headless: client resize client_id=4 cols=140 rows=31 cell_width_px=0 cell_height_px=0
2026-07-29T19:50:30.104290Z  INFO herdr::server::headless: client resize client_id=4 cols=138 rows=31 cell_width_px=0 cell_height_px=0
2026-07-29T19:50:30.207179Z  INFO herdr::server::headless: client resize client_id=4 cols=137 rows=31 cell_width_px=0 cell_height_px=0
2026-07-29T19:50:30.726554Z  INFO herdr::server::headless: client resize client_id=4 cols=133 rows=31 cell_width_px=0 cell_height_px=0
2026-07-29T19:50:31.554210Z  INFO herdr::server::headless: client resize client_id=4 cols=134 rows=31 cell_width_px=0 cell_height_px=0
2026-07-29T19:50:31.758880Z  INFO herdr::server::headless: client resize client_id=4 cols=135 rows=31 cell_width_px=0 cell_height_px=0
2026-07-29T19:50:31.966275Z  INFO herdr::server::headless: client resize client_id=4 cols=136 rows=31 cell_width_px=0 cell_height_px=0
2026-07-29T19:50:32.483654Z  INFO herdr::server::headless: client resize client_id=4 cols=137 rows=31 cell_width_px=0 cell_height_px=0
2026-07-29T19:53:59.764660Z  INFO herdr::logging: spawning pane terminal event="pane.spawn.start" subsystem="pane" outcome="started" pane_id=9 rows=30 cols=111 scrollback_limit_bytes=10000000
2026-07-29T19:53:59.772826Z  INFO herdr::logging: pane child spawned event="pane.spawned" subsystem="pane" outcome="ok" pane_id=9 pid=44743
2026-07-29T19:53:59.774128Z  INFO herdr::logging: tab focused event="tab.focus" subsystem="tab" outcome="ok" workspace_id="wD" tab_id="wD:t3"
2026-07-29T19:53:59.774167Z  INFO herdr::logging: tab created event="tab.create" subsystem="tab" outcome="ok" workspace_id="wD" tab_id="wD:t3" pane_id=9
2026-07-29T19:54:04.782045Z  INFO herdr::logging: session saved event="persist.save" subsystem="persist" outcome="ok" path=/Users/ezra/.config/herdr/session.json workspaces=1
2026-07-29T19:54:17.355729Z  INFO herdr::logging: spawning pane terminal event="pane.spawn.start" subsystem="pane" outcome="started" pane_id=10 rows=30 cols=111 scrollback_limit_bytes=10000000
2026-07-29T19:54:17.361455Z  INFO herdr::logging: pane child spawned event="pane.spawned" subsystem="pane" outcome="ok" pane_id=10 pid=44995
2026-07-29T19:54:17.361706Z  INFO herdr::logging: tab focused event="tab.focus" subsystem="tab" outcome="ok" workspace_id="wD" tab_id="wD:t4"
2026-07-29T19:54:17.361736Z  INFO herdr::logging: tab created event="tab.create" subsystem="tab" outcome="ok" workspace_id="wD" tab_id="wD:t4" pane_id=10
2026-07-29T19:54:22.368425Z  INFO herdr::logging: session saved event="persist.save" subsystem="persist" outcome="ok" path=/Users/ezra/.config/herdr/session.json workspaces=1
2026-07-29T19:55:00.027456Z  INFO herdr::logging: tab focused event="tab.focus" subsystem="tab" outcome="ok" workspace_id="wD" tab_id="wD:t3"
2026-07-29T19:55:05.031217Z  INFO herdr::logging: session saved event="persist.save" subsystem="persist" outcome="ok" path=/Users/ezra/.config/herdr/session.json workspaces=1
2026-07-29T19:55:10.379166Z  INFO herdr::server::headless: client resize client_id=4 cols=144 rows=33 cell_width_px=0 cell_height_px=0
2026-07-29T19:55:42.332504Z  INFO herdr::server::headless: client resize client_id=4 cols=137 rows=30 cell_width_px=0 cell_height_px=0
2026-07-29T19:56:48.982752Z  INFO herdr::server::headless: client resize client_id=4 cols=142 rows=30 cell_width_px=0 cell_height_px=0
2026-07-29T19:56:49.083327Z  INFO herdr::server::headless: client resize client_id=4 cols=179 rows=30 cell_width_px=0 cell_height_px=0
2026-07-29T19:56:49.184032Z  INFO herdr::server::headless: client resize client_id=4 cols=188 rows=30 cell_width_px=0 cell_height_px=0
2026-07-29T19:56:49.596211Z  INFO herdr::server::headless: client resize client_id=4 cols=192 rows=30 cell_width_px=0 cell_height_px=0
2026-07-29T19:56:49.698400Z  INFO herdr::server::headless: client resize client_id=4 cols=194 rows=30 cell_width_px=0 cell_height_px=0
2026-07-29T19:56:52.071684Z  INFO herdr::server::headless: client resize client_id=4 cols=202 rows=41 cell_width_px=0 cell_height_px=0
2026-07-29T19:56:53.863183Z  INFO herdr::logging: tab focused event="tab.focus" subsystem="tab" outcome="ok" workspace_id="wD" tab_id="wD:t1"
2026-07-29T19:56:58.867977Z  INFO herdr::logging: session saved event="persist.save" subsystem="persist" outcome="ok" path=/Users/ezra/.config/herdr/session.json workspaces=1
2026-07-29T19:57:09.601368Z  INFO herdr::logging: tab focused event="tab.focus" subsystem="tab" outcome="ok" workspace_id="wD" tab_id="wD:t3"
2026-07-29T19:57:14.605093Z  INFO herdr::logging: session saved event="persist.save" subsystem="persist" outcome="ok" path=/Users/ezra/.config/herdr/session.json workspaces=1
2026-07-29T19:59:13.172172Z  INFO herdr::server::headless: client resize client_id=4 cols=213 rows=46 cell_width_px=0 cell_height_px=0
2026-07-29T19:59:22.763908Z  INFO herdr::logging: tab focused event="tab.focus" subsystem="tab" outcome="ok" workspace_id="wD" tab_id="wD:t1"
2026-07-29T19:59:24.740732Z  INFO herdr::logging: tab focused event="tab.focus" subsystem="tab" outcome="ok" workspace_id="wD" tab_id="wD:t3"
2026-07-29T19:59:29.748407Z  INFO herdr::logging: session saved event="persist.save" subsystem="persist" outcome="ok" path=/Users/ezra/.config/herdr/session.json workspaces=1
2026-07-29T20:00:02.258282Z  INFO herdr::server::headless: client resize client_id=4 cols=225 rows=52 cell_width_px=0 cell_height_px=0
2026-07-29T20:00:05.743476Z  INFO herdr::logging: tab focused event="tab.focus" subsystem="tab" outcome="ok" workspace_id="wD" tab_id="wD:t1"
2026-07-29T20:00:10.749214Z  INFO herdr::logging: session saved event="persist.save" subsystem="persist" outcome="ok" path=/Users/ezra/.config/herdr/session.json workspaces=1
2026-07-29T20:00:16.508647Z  INFO herdr::server::headless: client resize client_id=4 cols=213 rows=49 cell_width_px=0 cell_height_px=0
2026-07-29T20:00:16.608729Z  INFO herdr::server::headless: client resize client_id=4 cols=202 rows=47 cell_width_px=0 cell_height_px=0
2026-07-29T20:00:16.713270Z  INFO herdr::server::headless: client resize client_id=4 cols=193 rows=45 cell_width_px=0 cell_height_px=0
2026-07-29T20:00:22.395967Z  INFO herdr::logging: tab focused event="tab.focus" subsystem="tab" outcome="ok" workspace_id="wD" tab_id="wD:t3"
2026-07-29T20:00:27.399279Z  INFO herdr::logging: session saved event="persist.save" subsystem="persist" outcome="ok" path=/Users/ezra/.config/herdr/session.json workspaces=1
2026-07-29T20:03:14.275025Z  INFO herdr::logging: spawning pane terminal event="pane.spawn.start" subsystem="pane" outcome="started" pane_id=11 rows=22 cols=94 scrollback_limit_bytes=10000000
2026-07-29T20:03:14.280813Z  INFO herdr::logging: pane child spawned event="pane.spawned" subsystem="pane" outcome="ok" pane_id=11 pid=48766
2026-07-29T20:03:19.289268Z  INFO herdr::logging: session saved event="persist.save" subsystem="persist" outcome="ok" path=/Users/ezra/.config/herdr/session.json workspaces=1
2026-07-29T20:03:52.051426Z  INFO herdr::server::headless: client resize client_id=4 cols=202 rows=47 cell_width_px=0 cell_height_px=0
2026-07-29T20:03:52.156385Z  INFO herdr::server::headless: client resize client_id=4 cols=213 rows=49 cell_width_px=0 cell_height_px=0
2026-07-29T20:03:52.261501Z  INFO herdr::server::headless: client resize client_id=4 cols=225 rows=52 cell_width_px=0 cell_height_px=0
2026-07-29T20:04:02.373140Z  INFO herdr::server::headless: client resize client_id=4 cols=213 rows=49 cell_width_px=0 cell_height_px=0
2026-07-29T20:04:02.477745Z  INFO herdr::server::headless: client resize client_id=4 cols=202 rows=47 cell_width_px=0 cell_height_px=0
2026-07-29T20:04:37.330471Z  INFO herdr::logging: tab focused event="tab.focus" subsystem="tab" outcome="ok" workspace_id="wD" tab_id="wD:t3"
2026-07-29T20:04:42.334895Z  INFO herdr::logging: session saved event="persist.save" subsystem="persist" outcome="ok" path=/Users/ezra/.config/herdr/session.json workspaces=1
2026-07-29T20:06:18.702882Z  INFO herdr::logging: spawning pane terminal event="pane.spawn.start" subsystem="pane" outcome="started" pane_id=12 rows=23 cols=49 scrollback_limit_bytes=10000000
2026-07-29T20:06:18.706703Z  INFO herdr::logging: pane child spawned event="pane.spawned" subsystem="pane" outcome="ok" pane_id=12 pid=50293
2026-07-29T20:06:21.577508Z  INFO herdr::logging: tab focused event="tab.focus" subsystem="tab" outcome="ok" workspace_id="wD" tab_id="wD:t3"
2026-07-29T20:06:24.087682Z  INFO herdr::logging: tab focused event="tab.focus" subsystem="tab" outcome="ok" workspace_id="wD" tab_id="wD:t3"
2026-07-29T20:06:24.587702Z  INFO herdr::logging: tab focused event="tab.focus" subsystem="tab" outcome="ok" workspace_id="wD" tab_id="wD:t3"
2026-07-29T20:06:25.436082Z  INFO herdr::logging: tab focused event="tab.focus" subsystem="tab" outcome="ok" workspace_id="wD" tab_id="wD:t3"
2026-07-29T20:06:30.442016Z  INFO herdr::logging: session saved event="persist.save" subsystem="persist" outcome="ok" path=/Users/ezra/.config/herdr/session.json workspaces=1
2026-07-29T20:06:36.427428Z  INFO herdr::logging: tab focused event="tab.focus" subsystem="tab" outcome="ok" workspace_id="wD" tab_id="wD:t1"
2026-07-29T20:06:41.431042Z  INFO herdr::logging: session saved event="persist.save" subsystem="persist" outcome="ok" path=/Users/ezra/.config/herdr/session.json workspaces=1
2026-07-29T20:06:46.262384Z  INFO herdr::logging: tab focused event="tab.focus" subsystem="tab" outcome="ok" workspace_id="wD" tab_id="wD:t3"
2026-07-29T20:06:51.267720Z  INFO herdr::logging: session saved event="persist.save" subsystem="persist" outcome="ok" path=/Users/ezra/.config/herdr/session.json workspaces=1
2026-07-29T20:10:02.230106Z  WARN herdr::detect::manifest_update: skipping unknown remote manifest agent agent="maki"
2026-07-29T20:33:46.847900Z  INFO herdr::server::headless: client resize client_id=4 cols=213 rows=49 cell_width_px=0 cell_height_px=0
2026-07-29T20:33:46.949193Z  INFO herdr::server::headless: client resize client_id=4 cols=225 rows=52 cell_width_px=0 cell_height_px=0
2026-07-29T20:33:47.051171Z  INFO herdr::server::headless: client resize client_id=4 cols=238 rows=57 cell_width_px=0 cell_height_px=0
2026-07-29T20:33:47.155971Z  INFO herdr::server::headless: client resize client_id=4 cols=270 rows=60 cell_width_px=0 cell_height_px=0
2026-07-29T20:33:47.259486Z  INFO herdr::server::headless: client resize client_id=4 cols=289 rows=65 cell_width_px=0 cell_height_px=0
2026-07-29T20:40:05.549962Z  WARN herdr::detect::manifest_update: skipping unknown remote manifest agent agent="maki"
2026-07-29T20:41:13.797539Z  WARN herdr::detect::manifest_update: agent detection manifest update failed for agent agent="kilo" error=fetch failed: failed to fetch https://herdr.dev/agent-detection/kilo.toml
2026-07-29T21:10:02.882456Z  WARN herdr::detect::manifest_update: skipping unknown remote manifest agent agent="maki"
2026-07-29T21:40:02.456473Z  WARN herdr::detect::manifest_update: skipping unknown remote manifest agent agent="maki"
2026-07-29T22:10:13.112922Z  WARN herdr::detect::manifest_update: skipping unknown remote manifest agent agent="maki"
2026-07-29T22:40:02.382531Z  WARN herdr::detect::manifest_update: skipping unknown remote manifest agent agent="maki"
2026-07-29T23:10:02.133113Z  WARN herdr::detect::manifest_update: skipping unknown remote manifest agent agent="maki"
2026-07-29T23:38:28.521988Z  INFO herdr::logging: tab focused event="tab.focus" subsystem="tab" outcome="ok" workspace_id="wD" tab_id="wD:t3"
2026-07-29T23:38:33.529383Z  INFO herdr::logging: session saved event="persist.save" subsystem="persist" outcome="ok" path=/Users/ezra/.config/herdr/session.json workspaces=1
2026-07-29T23:40:02.338197Z  WARN herdr::detect::manifest_update: skipping unknown remote manifest agent agent="maki"
2026-07-30T00:10:02.500777Z  WARN herdr::detect::manifest_update: skipping unknown remote manifest agent agent="maki"
2026-07-30T00:33:38.155374Z  INFO herdr::logging: tab focused event="tab.focus" subsystem="tab" outcome="ok" workspace_id="wD" tab_id="wD:t3"
2026-07-30T00:33:43.162321Z  INFO herdr::logging: session saved event="persist.save" subsystem="persist" outcome="ok" path=/Users/ezra/.config/herdr/session.json workspaces=1
2026-07-30T00:33:55.913950Z  INFO herdr::logging: tab focused event="tab.focus" subsystem="tab" outcome="ok" workspace_id="wD" tab_id="wD:t3"
2026-07-30T00:34:00.920096Z  INFO herdr::logging: session saved event="persist.save" subsystem="persist" outcome="ok" path=/Users/ezra/.config/herdr/session.json workspaces=1
2026-07-30T00:48:41.816404Z  WARN herdr::detect::manifest_update: skipping unknown remote manifest agent agent="maki"
2026-07-30T01:03:40.918797Z  INFO herdr::logging: pane child exited event="pane.exit" subsystem="pane" outcome="completed" pane_id=11 status="ExitStatus { code: 0, signal: None }"
2026-07-30T01:03:40.919599Z  INFO herdr::pane: pane session terminated pane=11 pid=48766 signal=Hangup
2026-07-30T01:03:41.480655Z  INFO herdr::logging: pane child exited event="pane.exit" subsystem="pane" outcome="completed" pane_id=12 status="ExitStatus { code: 0, signal: None }"
2026-07-30T01:03:41.480745Z  INFO herdr::pane: pane session terminated pane=12 pid=50293 signal=Hangup
2026-07-30T01:03:41.986270Z  INFO herdr::logging: pane child exited event="pane.exit" subsystem="pane" outcome="completed" pane_id=9 status="ExitStatus { code: 0, signal: None }"
2026-07-30T01:03:41.986345Z  INFO herdr::pane: pane session terminated pane=9 pid=44743 signal=Hangup
2026-07-30T01:03:42.613533Z  INFO herdr::logging: pane child exited event="pane.exit" subsystem="pane" outcome="completed" pane_id=7 status="ExitStatus { code: 0, signal: None }"
2026-07-30T01:03:42.613623Z  INFO herdr::pane: pane session terminated pane=7 pid=38114 signal=Hangup
2026-07-30T01:03:47.623992Z  INFO herdr::logging: session saved event="persist.save" subsystem="persist" outcome="ok" path=/Users/ezra/.config/herdr/session.json workspaces=1
2026-07-30T01:03:49.202499Z  INFO herdr::logging: pane child exited event="pane.exit" subsystem="pane" outcome="completed" pane_id=10 status="ExitStatus { code: 0, signal: None }"
2026-07-30T01:03:49.202586Z  INFO herdr::pane: pane session terminated pane=10 pid=44995 signal=Hangup
2026-07-30T01:03:49.203355Z  INFO herdr::logging: spawning pane terminal event="pane.spawn.start" subsystem="pane" outcome="started" pane_id=13 rows=64 cols=285 scrollback_limit_bytes=10000000
2026-07-30T01:03:49.208373Z  INFO herdr::logging: pane child spawned event="pane.spawned" subsystem="pane" outcome="ok" pane_id=13 pid=43560
2026-07-30T01:03:49.209029Z  INFO herdr::logging: workspace created event="workspace.create" subsystem="workspace" outcome="ok" workspace_id="wE" pane_id=13
2026-07-30T01:03:49.209218Z  INFO herdr::logging: workspace focused event="workspace.focus" subsystem="workspace" outcome="ok" workspace_id="wE"
2026-07-30T01:03:49.209235Z  INFO herdr::logging: tab focused event="tab.focus" subsystem="tab" outcome="ok" workspace_id="wE" tab_id="wE:t1"
2026-07-30T01:03:50.503343Z  INFO herdr::logging: pane child exited event="pane.exit" subsystem="pane" outcome="completed" pane_id=13 status="ExitStatus { code: 0, signal: None }"
2026-07-30T01:03:50.503407Z  INFO herdr::pane: pane session terminated pane=13 pid=43560 signal=Hangup
2026-07-30T01:03:50.503489Z  INFO herdr::logging: spawning pane terminal event="pane.spawn.start" subsystem="pane" outcome="started" pane_id=14 rows=64 cols=285 scrollback_limit_bytes=10000000
2026-07-30T01:03:50.507534Z  INFO herdr::logging: pane child spawned event="pane.spawned" subsystem="pane" outcome="ok" pane_id=14 pid=43617
2026-07-30T01:03:50.507746Z  INFO herdr::logging: workspace created event="workspace.create" subsystem="workspace" outcome="ok" workspace_id="wF" pane_id=14
2026-07-30T01:03:50.507761Z  INFO herdr::logging: workspace focused event="workspace.focus" subsystem="workspace" outcome="ok" workspace_id="wF"
2026-07-30T01:03:50.507772Z  INFO herdr::logging: tab focused event="tab.focus" subsystem="tab" outcome="ok" workspace_id="wF" tab_id="wF:t1"
2026-07-30T01:03:55.521805Z  INFO herdr::logging: session saved event="persist.save" subsystem="persist" outcome="ok" path=/Users/ezra/.config/herdr/session.json workspaces=1
2026-07-30T01:03:57.604896Z  INFO herdr::logging: pane child exited event="pane.exit" subsystem="pane" outcome="completed" pane_id=14 status="ExitStatus { code: 0, signal: None }"
2026-07-30T01:03:57.604992Z  INFO herdr::pane: pane session terminated pane=14 pid=43617 signal=Hangup
2026-07-30T01:03:57.605155Z  INFO herdr::logging: spawning pane terminal event="pane.spawn.start" subsystem="pane" outcome="started" pane_id=15 rows=64 cols=285 scrollback_limit_bytes=10000000
2026-07-30T01:03:57.609172Z  INFO herdr::logging: pane child spawned event="pane.spawned" subsystem="pane" outcome="ok" pane_id=15 pid=43704
2026-07-30T01:03:57.609362Z  INFO herdr::logging: workspace created event="workspace.create" subsystem="workspace" outcome="ok" workspace_id="wG" pane_id=15
2026-07-30T01:03:57.609375Z  INFO herdr::logging: workspace focused event="workspace.focus" subsystem="workspace" outcome="ok" workspace_id="wG"
2026-07-30T01:03:57.609384Z  INFO herdr::logging: tab focused event="tab.focus" subsystem="tab" outcome="ok" workspace_id="wG" tab_id="wG:t1"
2026-07-30T01:04:02.621737Z  INFO herdr::logging: session saved event="persist.save" subsystem="persist" outcome="ok" path=/Users/ezra/.config/herdr/session.json workspaces=1
2026-07-30T01:04:23.020845Z  INFO herdr::server::headless: client detach requested via keybind client_id=4
2026-07-30T01:04:23.023557Z  INFO herdr::server::headless: client disconnected client_id=4
2026-07-30T03:49:45.411127Z  WARN herdr::detect::manifest_update: skipping unknown remote manifest agent agent="maki"
2026-07-30T05:38:31.469124Z  WARN herdr::detect::manifest_update: skipping unknown remote manifest agent agent="maki"
2026-07-30T06:08:31.115708Z  WARN herdr::detect::manifest_update: skipping unknown remote manifest agent agent="maki"
2026-07-30T06:38:31.325182Z  WARN herdr::detect::manifest_update: skipping unknown remote manifest agent agent="maki"
2026-07-30T07:08:31.459596Z  WARN herdr::detect::manifest_update: skipping unknown remote manifest agent agent="maki"
2026-07-30T07:38:31.402864Z  WARN herdr::detect::manifest_update: skipping unknown remote manifest agent agent="maki"
2026-07-30T08:08:31.638091Z  WARN herdr::detect::manifest_update: skipping unknown remote manifest agent agent="maki"
2026-07-30T08:38:31.069509Z  WARN herdr::detect::manifest_update: skipping unknown remote manifest agent agent="maki"
2026-07-30T09:08:31.080728Z  WARN herdr::detect::manifest_update: skipping unknown remote manifest agent agent="maki"
2026-07-30T09:38:31.342995Z  WARN herdr::detect::manifest_update: skipping unknown remote manifest agent agent="maki"
2026-07-30T10:08:31.310130Z  WARN herdr::detect::manifest_update: skipping unknown remote manifest agent agent="maki"
2026-07-30T10:38:31.500594Z  WARN herdr::detect::manifest_update: skipping unknown remote manifest agent agent="maki"
2026-07-30T11:08:33.847998Z  WARN herdr::detect::manifest_update: agent detection manifest update failed: failed to fetch https://herdr.dev/agent-detection/index.toml
2026-07-30T12:40:24.137158Z  WARN herdr::detect::manifest_update: agent detection manifest update failed: failed to fetch https://herdr.dev/agent-detection/index.toml
2026-07-30T14:49:26.192495Z  WARN herdr::detect::manifest_update: agent detection manifest update failed: failed to fetch https://herdr.dev/agent-detection/index.toml
2026-07-30T23:48:00.483859Z  WARN herdr::detect::manifest_update: skipping unknown remote manifest agent agent="maki"
2026-07-31T00:18:00.192271Z  WARN herdr::detect::manifest_update: skipping unknown remote manifest agent agent="maki"
2026-07-31T00:48:00.029842Z  WARN herdr::detect::manifest_update: skipping unknown remote manifest agent agent="maki"
2026-07-31T01:18:00.179875Z  WARN herdr::detect::manifest_update: skipping unknown remote manifest agent agent="maki"
2026-07-31T01:43:17.116544Z  INFO herdr::server::headless: client connected client_id=6 cols=225 rows=52 cell_width_px=0 cell_height_px=0 render_encoding=SemanticFrame
2026-07-31T01:44:00.017230Z  INFO herdr::logging: spawning pane terminal event="pane.spawn.start" subsystem="pane" outcome="started" pane_id=16 rows=25 cols=99 scrollback_limit_bytes=10000000
2026-07-31T01:44:00.030636Z  INFO herdr::logging: pane child spawned event="pane.spawned" subsystem="pane" outcome="ok" pane_id=16 pid=95034
2026-07-31T01:44:03.686189Z  INFO herdr::logging: pane child exited event="pane.exit" subsystem="pane" outcome="completed" pane_id=16 status="ExitStatus { code: 0, signal: None }"
2026-07-31T01:44:03.686529Z  INFO herdr::pane: pane session terminated pane=16 pid=95034 signal=Hangup
2026-07-31T01:44:08.694427Z  INFO herdr::logging: session saved event="persist.save" subsystem="persist" outcome="ok" path=/Users/ezra/.config/herdr/session.json workspaces=1
2026-07-31T01:44:59.007585Z  INFO herdr::logging: spawning pane terminal event="pane.spawn.start" subsystem="pane" outcome="started" pane_id=17 rows=25 cols=99 scrollback_limit_bytes=10000000
2026-07-31T01:44:59.018792Z  INFO herdr::logging: pane child spawned event="pane.spawned" subsystem="pane" outcome="ok" pane_id=17 pid=95435
2026-07-31T01:45:04.028493Z  INFO herdr::logging: session saved event="persist.save" subsystem="persist" outcome="ok" path=/Users/ezra/.config/herdr/session.json workspaces=1
2026-07-31T01:45:13.991658Z  INFO herdr::logging: tab focused event="tab.focus" subsystem="tab" outcome="ok" workspace_id="wG" tab_id="wG:t1"
2026-07-31T01:45:18.998354Z  INFO herdr::logging: session saved event="persist.save" subsystem="persist" outcome="ok" path=/Users/ezra/.config/herdr/session.json workspaces=1
2026-07-31T01:45:23.275218Z  INFO herdr::logging: spawning pane terminal event="pane.spawn.start" subsystem="pane" outcome="started" pane_id=18 rows=25 cols=50 scrollback_limit_bytes=10000000
2026-07-31T01:45:23.285901Z  INFO herdr::logging: pane child spawned event="pane.spawned" subsystem="pane" outcome="ok" pane_id=18 pid=95640
2026-07-31T01:45:28.293179Z  INFO herdr::logging: session saved event="persist.save" subsystem="persist" outcome="ok" path=/Users/ezra/.config/herdr/session.json workspaces=1
2026-07-31T01:45:32.045993Z  INFO herdr::logging: tab focused event="tab.focus" subsystem="tab" outcome="ok" workspace_id="wG" tab_id="wG:t1"
2026-07-31T01:45:37.051533Z  INFO herdr::logging: session saved event="persist.save" subsystem="persist" outcome="ok" path=/Users/ezra/.config/herdr/session.json workspaces=1
2026-07-31T01:45:56.523745Z  INFO herdr::logging: tab focused event="tab.focus" subsystem="tab" outcome="ok" workspace_id="wG" tab_id="wG:t1"
2026-07-31T01:45:59.998275Z  INFO herdr::pane: agent changed pane=15 previous_agent=None agent=Some(Pi) process=pi pgid=Some(96158)
2026-07-31T01:46:01.527524Z  INFO herdr::logging: session saved event="persist.save" subsystem="persist" outcome="ok" path=/Users/ezra/.config/herdr/session.json workspaces=1
2026-07-31T01:46:05.232428Z  INFO herdr::pane: agent changed pane=15 previous_agent=None agent=Some(Pi) process=pi pgid=Some(96158)
2026-07-31T01:46:10.238056Z  INFO herdr::logging: session saved event="persist.save" subsystem="persist" outcome="ok" path=/Users/ezra/.config/herdr/session.json workspaces=1
2026-07-31T01:48:01.283406Z  WARN herdr::detect::manifest_update: skipping unknown remote manifest agent agent="maki"
2026-07-31T02:17:59.869751Z  WARN herdr::detect::manifest_update: agent detection manifest update failed: failed to fetch https://herdr.dev/agent-detection/index.toml
2026-07-31T02:48:00.745674Z  WARN herdr::detect::manifest_update: skipping unknown remote manifest agent agent="maki"
2026-07-31T03:18:01.225988Z  WARN herdr::detect::manifest_update: skipping unknown remote manifest agent agent="maki"
2026-07-31T03:48:00.533711Z  WARN herdr::detect::manifest_update: skipping unknown remote manifest agent agent="maki"
2026-07-31T04:18:00.459608Z  WARN herdr::detect::manifest_update: skipping unknown remote manifest agent agent="maki"
2026-07-31T04:45:22.060024Z  INFO herdr::logging: tab focused event="tab.focus" subsystem="tab" outcome="ok" workspace_id="wG" tab_id="wG:t1"
2026-07-31T04:45:27.077578Z  INFO herdr::logging: session saved event="persist.save" subsystem="persist" outcome="ok" path=/Users/ezra/.config/herdr/session.json workspaces=1
2026-07-31T04:48:00.737811Z  WARN herdr::detect::manifest_update: skipping unknown remote manifest agent agent="maki"
2026-07-31T05:17:59.811782Z  WARN herdr::detect::manifest_update: agent detection manifest update failed: failed to fetch https://herdr.dev/agent-detection/index.toml
2026-07-31T05:48:00.285987Z  WARN herdr::detect::manifest_update: skipping unknown remote manifest agent agent="maki"
2026-07-31T06:18:00.102154Z  WARN herdr::detect::manifest_update: skipping unknown remote manifest agent agent="maki"
2026-07-31T06:48:00.232184Z  WARN herdr::detect::manifest_update: skipping unknown remote manifest agent agent="maki"
2026-07-31T09:02:15.737885Z  WARN herdr::detect::manifest_update: agent detection manifest update failed: failed to fetch https://herdr.dev/agent-detection/index.toml
2026-07-31T09:31:57.732165Z  WARN herdr::detect::manifest_update: agent detection manifest update failed: failed to fetch https://herdr.dev/agent-detection/index.toml
2026-07-31T10:02:15.756901Z  WARN herdr::detect::manifest_update: agent detection manifest update failed: failed to fetch https://herdr.dev/agent-detection/index.toml
2026-07-31T10:26:43.914708Z  INFO herdr::logging: tab focused event="tab.focus" subsystem="tab" outcome="ok" workspace_id="wG" tab_id="wG:t1"
2026-07-31T10:26:48.926174Z  INFO herdr::logging: session saved event="persist.save" subsystem="persist" outcome="ok" path=/Users/ezra/.config/herdr/session.json workspaces=1
2026-07-31T10:31:57.946899Z  WARN herdr::detect::manifest_update: skipping unknown remote manifest agent agent="maki"
2026-07-31T11:01:58.147171Z  WARN herdr::detect::manifest_update: skipping unknown remote manifest agent agent="maki"
2026-07-31T11:31:57.963104Z  WARN herdr::detect::manifest_update: skipping unknown remote manifest agent agent="maki"
2026-07-31T12:01:58.023403Z  WARN herdr::detect::manifest_update: skipping unknown remote manifest agent agent="maki"
2026-07-31T12:31:58.439729Z  WARN herdr::detect::manifest_update: skipping unknown remote manifest agent agent="maki"
2026-07-31T14:39:33.227322Z  WARN herdr::detect::manifest_update: skipping unknown remote manifest agent agent="maki"
2026-07-31T14:44:30.690048Z  WARN herdr::detect::manifest_update: agent detection manifest update failed for agent agent="grok" error=fetch failed: failed to fetch https://herdr.dev/agent-detection/grok.toml
2026-07-31T14:44:30.750067Z  WARN herdr::detect::manifest_update: agent detection manifest update failed for agent agent="hermes" error=fetch failed: failed to fetch https://herdr.dev/agent-detection/hermes.toml
2026-07-31T14:44:30.792206Z  WARN herdr::detect::manifest_update: agent detection manifest update failed for agent agent="kilo" error=fetch failed: failed to fetch https://herdr.dev/agent-detection/kilo.toml
2026-07-31T14:44:30.827580Z  WARN herdr::detect::manifest_update: agent detection manifest update failed for agent agent="kimi" error=fetch failed: failed to fetch https://herdr.dev/agent-detection/kimi.toml
2026-07-31T14:44:30.861448Z  WARN herdr::detect::manifest_update: agent detection manifest update failed for agent agent="kiro" error=fetch failed: failed to fetch https://herdr.dev/agent-detection/kiro.toml
2026-07-31T14:44:30.900641Z  WARN herdr::detect::manifest_update: agent detection manifest update failed for agent agent="opencode" error=fetch failed: failed to fetch https://herdr.dev/agent-detection/opencode.toml
2026-07-31T14:44:30.936362Z  WARN herdr::detect::manifest_update: agent detection manifest update failed for agent agent="pi" error=fetch failed: failed to fetch https://herdr.dev/agent-detection/pi.toml
2026-07-31T14:44:30.970479Z  WARN herdr::detect::manifest_update: agent detection manifest update failed for agent agent="qodercli" error=fetch failed: failed to fetch https://herdr.dev/agent-detection/qodercli.toml
2026-07-31T14:44:30.999443Z  WARN herdr::detect::manifest_update: agent detection manifest update failed for agent agent="copilot" error=fetch failed: failed to fetch https://herdr.dev/agent-detection/github-copilot.toml
2026-08-01T00:14:46.158521Z  WARN herdr::detect::manifest_update: skipping unknown remote manifest agent agent="maki"
2026-08-01T03:24:58.815925Z  WARN herdr::detect::manifest_update: skipping unknown remote manifest agent agent="maki"
2026-08-01T03:54:58.555934Z  WARN herdr::detect::manifest_update: skipping unknown remote manifest agent agent="maki"
2026-08-01T05:56:38.314298Z  WARN herdr::detect::manifest_update: skipping unknown remote manifest agent agent="maki"
2026-08-01T06:26:38.927228Z  WARN herdr::detect::manifest_update: skipping unknown remote manifest agent agent="maki"
2026-08-01T06:56:38.603867Z  WARN herdr::detect::manifest_update: skipping unknown remote manifest agent agent="maki"
2026-08-01T07:26:38.553193Z  WARN herdr::detect::manifest_update: skipping unknown remote manifest agent agent="maki"
2026-08-01T07:56:38.644213Z  WARN herdr::detect::manifest_update: skipping unknown remote manifest agent agent="maki"
2026-08-01T08:26:39.285794Z  WARN herdr::detect::manifest_update: skipping unknown remote manifest agent agent="maki"
2026-08-01T08:59:53.136799Z  WARN herdr::detect::manifest_update: skipping unknown remote manifest agent agent="maki"
2026-08-01T09:29:52.840643Z  WARN herdr::detect::manifest_update: skipping unknown remote manifest agent agent="maki"
2026-08-01T09:53:06.342362Z  INFO herdr::logging: tab focused event="tab.focus" subsystem="tab" outcome="ok" workspace_id="wG" tab_id="wG:t1"
2026-08-01T09:53:11.356631Z  INFO herdr::logging: session saved event="persist.save" subsystem="persist" outcome="ok" path=/Users/ezra/.config/herdr/session.json workspaces=1
2026-08-01T09:53:19.225649Z  INFO herdr::logging: pane child exited event="pane.exit" subsystem="pane" outcome="completed" pane_id=17 status="ExitStatus { code: 0, signal: None }"
2026-08-01T09:53:19.226241Z  INFO herdr::pane: pane session terminated pane=17 pid=95435 signal=Hangup
2026-08-01T09:53:23.910503Z  INFO herdr::logging: pane child exited event="pane.exit" subsystem="pane" outcome="completed" pane_id=18 status="ExitStatus { code: 0, signal: None }"
2026-08-01T09:53:23.910757Z  INFO herdr::pane: pane session terminated pane=18 pid=95640 signal=Hangup
2026-08-01T09:53:28.535925Z  INFO herdr::logging: api request received event="api.request.start" subsystem="api" outcome="started" request_id="herdr:pi:release:1785578008519:vo33awzmy8" method="pane.release_agent" changes_ui=true
2026-08-01T09:53:28.537306Z  INFO herdr::logging: api request completed event="api.request.complete" subsystem="api" outcome="ok" request_id="herdr:pi:release:1785578008519:vo33awzmy8" method="pane.release_agent"
2026-08-01T09:53:33.551041Z  INFO herdr::logging: session saved event="persist.save" subsystem="persist" outcome="ok" path=/Users/ezra/.config/herdr/session.json workspaces=1
2026-08-01T09:53:33.870692Z  INFO herdr::logging: pane child exited event="pane.exit" subsystem="pane" outcome="completed" pane_id=15 status="ExitStatus { code: 0, signal: None }"
2026-08-01T09:53:33.870878Z  INFO herdr::pane: pane session terminated pane=15 pid=43704 signal=Hangup
2026-08-01T09:53:33.871790Z  INFO herdr::logging: spawning pane terminal event="pane.spawn.start" subsystem="pane" outcome="started" pane_id=19 rows=51 cols=199 scrollback_limit_bytes=10000000
2026-08-01T09:53:33.883120Z  INFO herdr::logging: pane child spawned event="pane.spawned" subsystem="pane" outcome="ok" pane_id=19 pid=36209
2026-08-01T09:53:33.884019Z  INFO herdr::logging: workspace created event="workspace.create" subsystem="workspace" outcome="ok" workspace_id="wH" pane_id=19
2026-08-01T09:53:33.884054Z  INFO herdr::logging: workspace focused event="workspace.focus" subsystem="workspace" outcome="ok" workspace_id="wH"
2026-08-01T09:53:33.884081Z  INFO herdr::logging: tab focused event="tab.focus" subsystem="tab" outcome="ok" workspace_id="wH" tab_id="wH:t1"
2026-08-01T09:53:35.702776Z  INFO herdr::server::headless: client disconnected client_id=6
2026-08-01T09:53:38.895786Z  INFO herdr::logging: session saved event="persist.save" subsystem="persist" outcome="ok" path=/Users/ezra/.config/herdr/session.json workspaces=1
2026-08-01T11:16:14.341620Z  WARN herdr::detect::manifest_update: agent detection manifest update failed: failed to fetch https://herdr.dev/agent-detection/index.toml
2026-08-01T11:46:41.852041Z  WARN herdr::detect::manifest_update: agent detection manifest update failed: failed to fetch https://herdr.dev/agent-detection/index.toml
2026-08-01T12:16:41.852708Z  WARN herdr::detect::manifest_update: agent detection manifest update failed: failed to fetch https://herdr.dev/agent-detection/index.toml
2026-08-01T12:46:41.855197Z  WARN herdr::detect::manifest_update: agent detection manifest update failed: failed to fetch https://herdr.dev/agent-detection/index.toml
2026-08-01T13:16:47.877376Z  WARN herdr::detect::manifest_update: agent detection manifest update failed: failed to fetch https://herdr.dev/agent-detection/index.toml
2026-08-01T13:46:41.873445Z  WARN herdr::detect::manifest_update: agent detection manifest update failed: failed to fetch https://herdr.dev/agent-detection/index.toml
2026-08-01T14:16:41.874484Z  WARN herdr::detect::manifest_update: agent detection manifest update failed: failed to fetch https://herdr.dev/agent-detection/index.toml
2026-08-01T14:46:47.874894Z  WARN herdr::detect::manifest_update: agent detection manifest update failed: failed to fetch https://herdr.dev/agent-detection/index.toml
2026-08-01T15:16:41.887891Z  WARN herdr::detect::manifest_update: agent detection manifest update failed: failed to fetch https://herdr.dev/agent-detection/index.toml
2026-08-01T15:46:41.907011Z  WARN herdr::detect::manifest_update: agent detection manifest update failed: failed to fetch https://herdr.dev/agent-detection/index.toml
2026-08-01T16:16:41.909046Z  WARN herdr::detect::manifest_update: agent detection manifest update failed: failed to fetch https://herdr.dev/agent-detection/index.toml
2026-08-01T16:46:47.936563Z  WARN herdr::detect::manifest_update: agent detection manifest update failed: failed to fetch https://herdr.dev/agent-detection/index.toml
2026-08-01T17:16:47.912905Z  WARN herdr::detect::manifest_update: agent detection manifest update failed: failed to fetch https://herdr.dev/agent-detection/index.toml
2026-08-01T17:46:41.918379Z  WARN herdr::detect::manifest_update: agent detection manifest update failed: failed to fetch https://herdr.dev/agent-detection/index.toml
2026-08-01T18:16:47.936067Z  WARN herdr::detect::manifest_update: agent detection manifest update failed: failed to fetch https://herdr.dev/agent-detection/index.toml
2026-08-01T18:46:47.938935Z  WARN herdr::detect::manifest_update: agent detection manifest update failed: failed to fetch https://herdr.dev/agent-detection/index.toml
2026-08-01T19:16:47.946440Z  WARN herdr::detect::manifest_update: agent detection manifest update failed: failed to fetch https://herdr.dev/agent-detection/index.toml
2026-08-01T19:46:47.948404Z  WARN herdr::detect::manifest_update: agent detection manifest update failed: failed to fetch https://herdr.dev/agent-detection/index.toml
2026-08-01T20:16:41.938009Z  WARN herdr::detect::manifest_update: agent detection manifest update failed: failed to fetch https://herdr.dev/agent-detection/index.toml
2026-08-01T20:46:41.961580Z  WARN herdr::detect::manifest_update: agent detection manifest update failed: failed to fetch https://herdr.dev/agent-detection/index.toml
2026-08-01T21:16:41.960241Z  WARN herdr::detect::manifest_update: agent detection manifest update failed: failed to fetch https://herdr.dev/agent-detection/index.toml
2026-08-01T21:46:41.986309Z  WARN herdr::detect::manifest_update: agent detection manifest update failed: failed to fetch https://herdr.dev/agent-detection/index.toml
2026-08-01T22:16:41.976731Z  WARN herdr::detect::manifest_update: agent detection manifest update failed: failed to fetch https://herdr.dev/agent-detection/index.toml
2026-08-01T22:46:41.994554Z  WARN herdr::detect::manifest_update: agent detection manifest update failed: failed to fetch https://herdr.dev/agent-detection/index.toml
2026-08-01T23:16:41.994143Z  WARN herdr::detect::manifest_update: agent detection manifest update failed: failed to fetch https://herdr.dev/agent-detection/index.toml
2026-08-01T23:46:40.353708Z  WARN herdr::detect::manifest_update: skipping unknown remote manifest agent agent="maki"
2026-08-02T00:16:40.237693Z  WARN herdr::detect::manifest_update: skipping unknown remote manifest agent agent="maki"
2026-08-02T00:46:40.239782Z  WARN herdr::detect::manifest_update: skipping unknown remote manifest agent agent="maki"
2026-08-02T01:16:40.158704Z  WARN herdr::detect::manifest_update: skipping unknown remote manifest agent agent="maki"
2026-08-02T01:46:40.187946Z  WARN herdr::detect::manifest_update: skipping unknown remote manifest agent agent="maki"
2026-08-02T02:16:40.193396Z  WARN herdr::detect::manifest_update: skipping unknown remote manifest agent agent="maki"
2026-08-02T02:46:40.246272Z  WARN herdr::detect::manifest_update: skipping unknown remote manifest agent agent="maki"
2026-08-02T03:16:40.216775Z  WARN herdr::detect::manifest_update: skipping unknown remote manifest agent agent="maki"
2026-08-02T03:46:40.231487Z  WARN herdr::detect::manifest_update: skipping unknown remote manifest agent agent="maki"
2026-08-02T04:16:40.238686Z  WARN herdr::detect::manifest_update: skipping unknown remote manifest agent agent="maki"
2026-08-02T04:46:40.227273Z  WARN herdr::detect::manifest_update: skipping unknown remote manifest agent agent="maki"
2026-08-02T05:16:40.253515Z  WARN herdr::detect::manifest_update: skipping unknown remote manifest agent agent="maki"
2026-08-02T05:46:40.296554Z  WARN herdr::detect::manifest_update: skipping unknown remote manifest agent agent="maki"
2026-08-02T06:16:40.321946Z  WARN herdr::detect::manifest_update: skipping unknown remote manifest agent agent="maki"
2026-08-02T06:46:40.253427Z  WARN herdr::detect::manifest_update: skipping unknown remote manifest agent agent="maki"
2026-08-02T07:16:40.282175Z  WARN herdr::detect::manifest_update: skipping unknown remote manifest agent agent="maki"
2026-08-02T07:46:40.427751Z  WARN herdr::detect::manifest_update: skipping unknown remote manifest agent agent="maki"
2026-08-02T08:16:40.248874Z  WARN herdr::detect::manifest_update: skipping unknown remote manifest agent agent="maki"
2026-08-02T08:34:41.939091Z  INFO herdr::server::headless: client connected client_id=8 cols=198 rows=41 cell_width_px=0 cell_height_px=0 render_encoding=SemanticFrame
2026-08-02T08:35:10.165929Z  INFO herdr::server::headless: client resize client_id=8 cols=198 rows=40 cell_width_px=0 cell_height_px=0
2026-08-02T08:35:12.363187Z  INFO herdr::server::headless: client resize client_id=8 cols=198 rows=41 cell_width_px=0 cell_height_px=0
2026-08-02T08:35:18.354614Z  WARN herdr::raw_input: flushing lone escape after input timeout; if this follows an alt chord or focus switch it may reach the pane as plain esc bytes=[27]
2026-08-02T08:36:41.415359Z  WARN herdr::raw_input: flushing lone escape after input timeout; if this follows an alt chord or focus switch it may reach the pane as plain esc bytes=[27]
2026-08-02T08:37:41.235022Z  INFO herdr::server::headless: client resize client_id=8 cols=198 rows=40 cell_width_px=0 cell_height_px=0
2026-08-02T08:37:55.311803Z  INFO herdr::server::headless: client resize client_id=8 cols=198 rows=41 cell_width_px=0 cell_height_px=0
2026-08-02T08:39:05.529000Z  INFO herdr::logging: pane child exited event="pane.exit" subsystem="pane" outcome="completed" pane_id=19 status="ExitStatus { code: 130, signal: None }"
2026-08-02T08:39:05.529571Z  INFO herdr::pane: pane session terminated pane=19 pid=36209 signal=Hangup
2026-08-02T08:39:05.532446Z  INFO herdr::logging: spawning pane terminal event="pane.spawn.start" subsystem="pane" outcome="started" pane_id=20 rows=40 cols=172 scrollback_limit_bytes=10000000
2026-08-02T08:39:05.548716Z  INFO herdr::logging: pane child spawned event="pane.spawned" subsystem="pane" outcome="ok" pane_id=20 pid=34109
2026-08-02T08:39:05.550488Z  INFO herdr::logging: workspace created event="workspace.create" subsystem="workspace" outcome="ok" workspace_id="wJ" pane_id=20
2026-08-02T08:39:05.550750Z  INFO herdr::logging: workspace focused event="workspace.focus" subsystem="workspace" outcome="ok" workspace_id="wJ"
2026-08-02T08:39:05.550784Z  INFO herdr::logging: tab focused event="tab.focus" subsystem="tab" outcome="ok" workspace_id="wJ" tab_id="wJ:t1"
2026-08-02T08:39:06.480155Z  INFO herdr::logging: pane child exited event="pane.exit" subsystem="pane" outcome="completed" pane_id=20 status="ExitStatus { code: 0, signal: None }"
2026-08-02T08:39:06.480203Z  INFO herdr::pane: pane session terminated pane=20 pid=34109 signal=Hangup
2026-08-02T08:39:06.480263Z  INFO herdr::logging: spawning pane terminal event="pane.spawn.start" subsystem="pane" outcome="started" pane_id=21 rows=40 cols=172 scrollback_limit_bytes=10000000
2026-08-02T08:39:06.483072Z  INFO herdr::logging: pane child spawned event="pane.spawned" subsystem="pane" outcome="ok" pane_id=21 pid=34203
2026-08-02T08:39:06.483230Z  INFO herdr::logging: workspace created event="workspace.create" subsystem="workspace" outcome="ok" workspace_id="wK" pane_id=21
2026-08-02T08:39:06.483241Z  INFO herdr::logging: workspace focused event="workspace.focus" subsystem="workspace" outcome="ok" workspace_id="wK"
2026-08-02T08:39:06.483250Z  INFO herdr::logging: tab focused event="tab.focus" subsystem="tab" outcome="ok" workspace_id="wK" tab_id="wK:t1"
2026-08-02T08:39:11.511030Z  INFO herdr::logging: session saved event="persist.save" subsystem="persist" outcome="ok" path=/Users/ezra/.config/herdr/session.json workspaces=1
2026-08-02T08:39:17.517940Z  INFO herdr::server::headless: client disconnected client_id=8
2026-08-02T08:46:40.288306Z  WARN herdr::detect::manifest_update: skipping unknown remote manifest agent agent="maki"
2026-08-02T09:16:41.547114Z  WARN herdr::detect::manifest_update: skipping unknown remote manifest agent agent="maki"
2026-08-02T09:17:20.804189Z  WARN herdr::detect::manifest_update: agent detection manifest update failed for agent agent="codex" error=fetch failed: failed to fetch https://herdr.dev/agent-detection/codex.toml
2026-08-02T09:17:38.857370Z  WARN herdr::detect::manifest_update: agent detection manifest update failed for agent agent="cursor" error=fetch failed: failed to fetch https://herdr.dev/agent-detection/cursor.toml
2026-08-02T09:18:10.739396Z  WARN herdr::detect::manifest_update: agent detection manifest update failed for agent agent="kimi" error=fetch failed: failed to fetch https://herdr.dev/agent-detection/kimi.toml
2026-08-02T09:18:12.753000Z  WARN herdr::detect::manifest_update: agent detection manifest update failed for agent agent="kiro" error=fetch failed: failed to fetch https://herdr.dev/agent-detection/kiro.toml
2026-08-02T09:18:14.768786Z  WARN herdr::detect::manifest_update: agent detection manifest update failed for agent agent="opencode" error=fetch failed: failed to fetch https://herdr.dev/agent-detection/opencode.toml
2026-08-02T09:18:16.080366Z  WARN herdr::detect::manifest_update: agent detection manifest update failed for agent agent="pi" error=fetch failed: failed to fetch https://herdr.dev/agent-detection/pi.toml
2026-08-02T09:18:16.106218Z  WARN herdr::detect::manifest_update: agent detection manifest update failed for agent agent="qodercli" error=fetch failed: failed to fetch https://herdr.dev/agent-detection/qodercli.toml
2026-08-02T09:18:16.143470Z  WARN herdr::detect::manifest_update: agent detection manifest update failed for agent agent="copilot" error=fetch failed: failed to fetch https://herdr.dev/agent-detection/github-copilot.toml
2026-08-02T09:46:45.161441Z  WARN herdr::detect::manifest_update: skipping unknown remote manifest agent agent="maki"
2026-08-02T09:47:41.414112Z  WARN herdr::detect::manifest_update: agent detection manifest update failed for agent agent="codex" error=fetch failed: failed to fetch https://herdr.dev/agent-detection/codex.toml
2026-08-02T09:47:59.504443Z  WARN herdr::detect::manifest_update: agent detection manifest update failed for agent agent="cursor" error=fetch failed: failed to fetch https://herdr.dev/agent-detection/cursor.toml
2026-08-02T09:49:01.845045Z  WARN herdr::detect::manifest_update: agent detection manifest update failed for agent agent="kilo" error=fetch failed: failed to fetch https://herdr.dev/agent-detection/kilo.toml
2026-08-02T09:49:19.912185Z  WARN herdr::detect::manifest_update: agent detection manifest update failed for agent agent="kimi" error=fetch failed: failed to fetch https://herdr.dev/agent-detection/kimi.toml
2026-08-02T09:49:37.970675Z  WARN herdr::detect::manifest_update: agent detection manifest update failed for agent agent="kiro" error=fetch failed: failed to fetch https://herdr.dev/agent-detection/kiro.toml
2026-08-02T09:49:56.048188Z  WARN herdr::detect::manifest_update: agent detection manifest update failed for agent agent="opencode" error=fetch failed: failed to fetch https://herdr.dev/agent-detection/opencode.toml
2026-08-02T09:50:14.124127Z  WARN herdr::detect::manifest_update: agent detection manifest update failed for agent agent="pi" error=fetch failed: failed to fetch https://herdr.dev/agent-detection/pi.toml
2026-08-02T09:50:32.189323Z  WARN herdr::detect::manifest_update: agent detection manifest update failed for agent agent="qodercli" error=fetch failed: failed to fetch https://herdr.dev/agent-detection/qodercli.toml
2026-08-02T09:51:00.253529Z  WARN herdr::detect::manifest_update: agent detection manifest update failed for agent agent="copilot" error=fetch failed: failed to fetch https://herdr.dev/agent-detection/github-copilot.toml
2026-08-02T10:29:15.694864Z  WARN herdr::detect::manifest_update: skipping unknown remote manifest agent agent="maki"
2026-08-02T10:54:11.647270Z  INFO herdr::server::headless: client connected client_id=10 cols=196 rows=38 cell_width_px=0 cell_height_px=0 render_encoding=SemanticFrame
2026-08-02T11:01:54.526095Z  INFO herdr::app::actions: copied selection to clipboard
2026-08-02T11:03:38.578258Z  INFO herdr::logging: pane child exited event="pane.exit" subsystem="pane" outcome="completed" pane_id=21 status="ExitStatus { code: 130, signal: None }"
2026-08-02T11:03:38.578907Z  INFO herdr::pane: pane session terminated pane=21 pid=34203 signal=Hangup
2026-08-02T11:03:38.580784Z  INFO herdr::logging: spawning pane terminal event="pane.spawn.start" subsystem="pane" outcome="started" pane_id=22 rows=37 cols=170 scrollback_limit_bytes=10000000
2026-08-02T11:03:38.593396Z  INFO herdr::logging: pane child spawned event="pane.spawned" subsystem="pane" outcome="ok" pane_id=22 pid=76379
2026-08-02T11:03:38.594410Z  INFO herdr::logging: workspace created event="workspace.create" subsystem="workspace" outcome="ok" workspace_id="wM" pane_id=22
2026-08-02T11:03:38.594433Z  INFO herdr::logging: workspace focused event="workspace.focus" subsystem="workspace" outcome="ok" workspace_id="wM"
2026-08-02T11:03:38.594452Z  INFO herdr::logging: tab focused event="tab.focus" subsystem="tab" outcome="ok" workspace_id="wM" tab_id="wM:t1"
2026-08-02T11:03:43.607692Z  INFO herdr::logging: session saved event="persist.save" subsystem="persist" outcome="ok" path=/Users/ezra/.config/herdr/session.json workspaces=1
2026-08-02T11:03:44.188092Z  INFO herdr::logging: pane child exited event="pane.exit" subsystem="pane" outcome="completed" pane_id=22 status="ExitStatus { code: 130, signal: None }"
2026-08-02T11:03:44.188382Z  INFO herdr::pane: pane session terminated pane=22 pid=76379 signal=Hangup
2026-08-02T11:03:44.188764Z  INFO herdr::logging: spawning pane terminal event="pane.spawn.start" subsystem="pane" outcome="started" pane_id=23 rows=37 cols=170 scrollback_limit_bytes=10000000
2026-08-02T11:03:44.201829Z  INFO herdr::logging: pane child spawned event="pane.spawned" subsystem="pane" outcome="ok" pane_id=23 pid=76527
2026-08-02T11:03:44.202535Z  INFO herdr::logging: workspace created event="workspace.create" subsystem="workspace" outcome="ok" workspace_id="wN" pane_id=23
2026-08-02T11:03:44.202588Z  INFO herdr::logging: workspace focused event="workspace.focus" subsystem="workspace" outcome="ok" workspace_id="wN"
2026-08-02T11:03:44.202620Z  INFO herdr::logging: tab focused event="tab.focus" subsystem="tab" outcome="ok" workspace_id="wN" tab_id="wN:t1"
2026-08-02T11:03:44.791086Z  INFO herdr::logging: pane child exited event="pane.exit" subsystem="pane" outcome="completed" pane_id=23 status="ExitStatus { code: 0, signal: None }"
2026-08-02T11:03:44.791324Z  INFO herdr::pane: pane session terminated pane=23 pid=76527 signal=Hangup
2026-08-02T11:03:44.791589Z  INFO herdr::logging: spawning pane terminal event="pane.spawn.start" subsystem="pane" outcome="started" pane_id=24 rows=37 cols=170 scrollback_limit_bytes=10000000
2026-08-02T11:03:44.799542Z  INFO herdr::logging: pane child spawned event="pane.spawned" subsystem="pane" outcome="ok" pane_id=24 pid=76577
2026-08-02T11:03:44.800002Z  INFO herdr::logging: workspace created event="workspace.create" subsystem="workspace" outcome="ok" workspace_id="wP" pane_id=24
2026-08-02T11:03:44.800038Z  INFO herdr::logging: workspace focused event="workspace.focus" subsystem="workspace" outcome="ok" workspace_id="wP"
2026-08-02T11:03:44.800064Z  INFO herdr::logging: tab focused event="tab.focus" subsystem="tab" outcome="ok" workspace_id="wP" tab_id="wP:t1"
2026-08-02T11:03:49.803481Z  INFO herdr::logging: session saved event="persist.save" subsystem="persist" outcome="ok" path=/Users/ezra/.config/herdr/session.json workspaces=1
2026-08-02T11:03:50.959593Z  INFO herdr::logging: pane child exited event="pane.exit" subsystem="pane" outcome="completed" pane_id=24 status="ExitStatus { code: 0, signal: None }"
2026-08-02T11:03:50.959736Z  INFO herdr::pane: pane session terminated pane=24 pid=76577 signal=Hangup
2026-08-02T11:03:50.959947Z  INFO herdr::logging: spawning pane terminal event="pane.spawn.start" subsystem="pane" outcome="started" pane_id=25 rows=37 cols=170 scrollback_limit_bytes=10000000
2026-08-02T11:03:50.966168Z  INFO herdr::logging: pane child spawned event="pane.spawned" subsystem="pane" outcome="ok" pane_id=25 pid=76669
2026-08-02T11:03:50.966608Z  INFO herdr::logging: workspace created event="workspace.create" subsystem="workspace" outcome="ok" workspace_id="wQ" pane_id=25
2026-08-02T11:03:50.966658Z  INFO herdr::logging: workspace focused event="workspace.focus" subsystem="workspace" outcome="ok" workspace_id="wQ"
2026-08-02T11:03:50.966682Z  INFO herdr::logging: tab focused event="tab.focus" subsystem="tab" outcome="ok" workspace_id="wQ" tab_id="wQ:t1"
2026-08-02T11:03:53.059399Z  INFO herdr::logging: pane child exited event="pane.exit" subsystem="pane" outcome="completed" pane_id=25 status="ExitStatus { code: 0, signal: None }"
2026-08-02T11:03:53.061866Z  INFO herdr::pane: pane session terminated pane=25 pid=76669 signal=Hangup
2026-08-02T11:03:53.062519Z  INFO herdr::logging: spawning pane terminal event="pane.spawn.start" subsystem="pane" outcome="started" pane_id=26 rows=37 cols=170 scrollback_limit_bytes=10000000
2026-08-02T11:03:53.078947Z  INFO herdr::logging: pane child spawned event="pane.spawned" subsystem="pane" outcome="ok" pane_id=26 pid=76731
2026-08-02T11:03:53.079651Z  INFO herdr::logging: workspace created event="workspace.create" subsystem="workspace" outcome="ok" workspace_id="wR" pane_id=26
2026-08-02T11:03:53.079716Z  INFO herdr::logging: workspace focused event="workspace.focus" subsystem="workspace" outcome="ok" workspace_id="wR"
2026-08-02T11:03:53.079748Z  INFO herdr::logging: tab focused event="tab.focus" subsystem="tab" outcome="ok" workspace_id="wR" tab_id="wR:t1"
2026-08-02T11:03:58.090950Z  INFO herdr::logging: session saved event="persist.save" subsystem="persist" outcome="ok" path=/Users/ezra/.config/herdr/session.json workspaces=1
2026-08-02T11:04:02.016549Z  INFO herdr::server::headless: client detach requested via keybind client_id=10
2026-08-02T11:04:02.019859Z  INFO herdr::server::headless: client disconnected client_id=10
2026-08-02T11:04:12.723466Z  INFO herdr::server::headless: client connected client_id=12 cols=196 rows=38 cell_width_px=0 cell_height_px=0 render_encoding=SemanticFrame
2026-08-02T11:04:15.721477Z  WARN herdr::detect::manifest_update: skipping unknown remote manifest agent agent="maki"
2026-08-02T11:06:49.012239Z  INFO herdr::server::headless: client connected client_id=14 cols=196 rows=38 cell_width_px=0 cell_height_px=0 render_encoding=SemanticFrame
2026-08-02T11:06:58.559954Z  INFO herdr::logging: spawning pane terminal event="pane.spawn.start" subsystem="pane" outcome="started" pane_id=27 rows=37 cols=170 scrollback_limit_bytes=10000000
2026-08-02T11:06:58.571775Z  INFO herdr::logging: pane child spawned event="pane.spawned" subsystem="pane" outcome="ok" pane_id=27 pid=78514
2026-08-02T11:06:58.573164Z  INFO herdr::logging: tab focused event="tab.focus" subsystem="tab" outcome="ok" workspace_id="wR" tab_id="wR:t2"
2026-08-02T11:06:58.573228Z  INFO herdr::logging: tab created event="tab.create" subsystem="tab" outcome="ok" workspace_id="wR" tab_id="wR:t2" pane_id=27
2026-08-02T11:07:02.589517Z  INFO herdr::logging: tab focused event="tab.focus" subsystem="tab" outcome="ok" workspace_id="wR" tab_id="wR:t1"
2026-08-02T11:07:07.597229Z  INFO herdr::logging: session saved event="persist.save" subsystem="persist" outcome="ok" path=/Users/ezra/.config/herdr/session.json workspaces=1
2026-08-02T11:08:27.284296Z  INFO herdr::logging: tab focused event="tab.focus" subsystem="tab" outcome="ok" workspace_id="wR" tab_id="wR:t2"
2026-08-02T11:08:31.698983Z  INFO herdr::logging: pane child exited event="pane.exit" subsystem="pane" outcome="completed" pane_id=27 status="ExitStatus { code: 0, signal: None }"
2026-08-02T11:08:31.699171Z  INFO herdr::pane: pane session terminated pane=27 pid=78514 signal=Hangup
2026-08-02T11:08:34.466997Z  INFO herdr::logging: tab focused event="tab.focus" subsystem="tab" outcome="ok" workspace_id="wR" tab_id="wR:t1"
2026-08-02T11:08:39.473861Z  INFO herdr::logging: session saved event="persist.save" subsystem="persist" outcome="ok" path=/Users/ezra/.config/herdr/session.json workspaces=1
2026-08-02T11:09:25.272579Z  INFO herdr::logging: api request received event="api.request.start" subsystem="api" outcome="started" request_id="cli:server:reload-config" method="server.reload_config" changes_ui=true
2026-08-02T11:09:25.273332Z  INFO herdr::logging: api request completed event="api.request.complete" subsystem="api" outcome="ok" request_id="cli:server:reload-config" method="server.reload_config"
2026-08-02T11:09:55.645800Z  INFO herdr::logging: api request received event="api.request.start" subsystem="api" outcome="started" request_id="cli:server:reload-config" method="server.reload_config" changes_ui=true
2026-08-02T11:09:55.657211Z  INFO herdr::logging: api request completed event="api.request.complete" subsystem="api" outcome="ok" request_id="cli:server:reload-config" method="server.reload_config"
2026-08-02T11:10:58.165972Z  INFO herdr::logging: api request received event="api.request.start" subsystem="api" outcome="started" request_id="cli:server:reload-config" method="server.reload_config" changes_ui=true
2026-08-02T11:10:58.178153Z  INFO herdr::logging: api request completed event="api.request.complete" subsystem="api" outcome="ok" request_id="cli:server:reload-config" method="server.reload_config"
2026-08-02T11:12:10.714225Z  INFO herdr::logging: api request received event="api.request.start" subsystem="api" outcome="started" request_id="cli:server:reload-config" method="server.reload_config" changes_ui=true
2026-08-02T11:12:10.717793Z  INFO herdr::logging: api request completed event="api.request.complete" subsystem="api" outcome="ok" request_id="cli:server:reload-config" method="server.reload_config"
2026-08-02T11:12:57.974552Z  INFO herdr::logging: spawning pane terminal event="pane.spawn.start" subsystem="pane" outcome="started" pane_id=28 rows=18 cols=85 scrollback_limit_bytes=10000000
2026-08-02T11:12:57.987931Z  INFO herdr::logging: pane child spawned event="pane.spawned" subsystem="pane" outcome="ok" pane_id=28 pid=80713
2026-08-02T11:13:00.283279Z  INFO herdr::logging: pane child exited event="pane.exit" subsystem="pane" outcome="completed" pane_id=28 status="ExitStatus { code: 0, signal: None }"
2026-08-02T11:13:00.283719Z  INFO herdr::pane: pane session terminated pane=28 pid=80713 signal=Hangup
2026-08-02T11:13:02.265368Z  INFO herdr::logging: spawning pane terminal event="pane.spawn.start" subsystem="pane" outcome="started" pane_id=29 rows=18 cols=85 scrollback_limit_bytes=10000000
2026-08-02T11:13:02.277941Z  INFO herdr::logging: pane child spawned event="pane.spawned" subsystem="pane" outcome="ok" pane_id=29 pid=80826
2026-08-02T11:13:06.616774Z  INFO herdr::logging: spawning pane terminal event="pane.spawn.start" subsystem="pane" outcome="started" pane_id=30 rows=18 cols=42 scrollback_limit_bytes=10000000
2026-08-02T11:13:06.628405Z  INFO herdr::logging: pane child spawned event="pane.spawned" subsystem="pane" outcome="ok" pane_id=30 pid=80895
2026-08-02T11:13:08.119552Z  INFO herdr::logging: pane child exited event="pane.exit" subsystem="pane" outcome="completed" pane_id=30 status="ExitStatus { code: 0, signal: None }"
2026-08-02T11:13:08.123317Z  INFO herdr::pane: pane session terminated pane=30 pid=80895 signal=Hangup
2026-08-02T11:13:09.878459Z  INFO herdr::logging: pane child exited event="pane.exit" subsystem="pane" outcome="completed" pane_id=29 status="ExitStatus { code: 0, signal: None }"
2026-08-02T11:13:09.878627Z  INFO herdr::pane: pane session terminated pane=29 pid=80826 signal=Hangup
2026-08-02T11:13:14.887608Z  INFO herdr::logging: session saved event="persist.save" subsystem="persist" outcome="ok" path=/Users/ezra/.config/herdr/session.json workspaces=1
2026-08-02T11:15:37.763702Z  INFO herdr::pane: agent changed pane=26 previous_agent=None agent=Some(Pi) process=pi pgid=Some(81796)
2026-08-02T11:15:49.102397Z  INFO herdr::logging: spawning pane terminal event="pane.spawn.start" subsystem="pane" outcome="started" pane_id=31 rows=18 cols=85 scrollback_limit_bytes=10000000
2026-08-02T11:15:49.113185Z  INFO herdr::logging: pane child spawned event="pane.spawned" subsystem="pane" outcome="ok" pane_id=31 pid=81866
2026-08-02T11:15:54.127248Z  INFO herdr::logging: session saved event="persist.save" subsystem="persist" outcome="ok" path=/Users/ezra/.config/herdr/session.json workspaces=1
2026-08-02T11:15:54.979316Z  INFO herdr::pane: agent changed pane=26 previous_agent=None agent=Some(Pi) process=pi pgid=Some(81796)
2026-08-02T11:15:59.986605Z  INFO herdr::logging: session saved event="persist.save" subsystem="persist" outcome="ok" path=/Users/ezra/.config/herdr/session.json workspaces=1
2026-08-02T11:16:24.149618Z  INFO herdr::logging: api request received event="api.request.start" subsystem="api" outcome="started" request_id="cli:server:reload-config" method="server.reload_config" changes_ui=true
2026-08-02T11:16:24.150397Z  INFO herdr::logging: api request completed event="api.request.complete" subsystem="api" outcome="ok" request_id="cli:server:reload-config" method="server.reload_config"
2026-08-02T11:16:30.683900Z  INFO herdr::logging: spawning pane terminal event="pane.spawn.start" subsystem="pane" outcome="started" pane_id=32 rows=18 cols=42 scrollback_limit_bytes=10000000
2026-08-02T11:16:30.697585Z  INFO herdr::logging: pane child spawned event="pane.spawned" subsystem="pane" outcome="ok" pane_id=32 pid=82375
2026-08-02T11:16:32.217346Z  INFO herdr::logging: pane child exited event="pane.exit" subsystem="pane" outcome="completed" pane_id=32 status="ExitStatus { code: 0, signal: None }"
2026-08-02T11:16:32.219156Z  INFO herdr::pane: pane session terminated pane=32 pid=82375 signal=Hangup
2026-08-02T11:16:37.223368Z  INFO herdr::logging: session saved event="persist.save" subsystem="persist" outcome="ok" path=/Users/ezra/.config/herdr/session.json workspaces=1
2026-08-02T11:16:39.679155Z  INFO herdr::pane: agent changed pane=31 previous_agent=None agent=Some(Pi) process=pi pgid=Some(82478)
2026-08-02T11:16:47.878453Z  INFO herdr::pane: agent changed pane=31 previous_agent=Some(Pi) agent=None pgid=Some(81866)
2026-08-02T11:17:29.262590Z  INFO herdr::logging: tab focused event="tab.focus" subsystem="tab" outcome="ok" workspace_id="wR" tab_id="wR:t1"
2026-08-02T11:17:33.174233Z  INFO herdr::logging: api request received event="api.request.start" subsystem="api" outcome="started" request_id="herdr:pi:release:1785669453067:zdpx1pfyayc" method="pane.release_agent" changes_ui=true
2026-08-02T11:17:33.175319Z  INFO herdr::logging: api request completed event="api.request.complete" subsystem="api" outcome="ok" request_id="herdr:pi:release:1785669453067:zdpx1pfyayc" method="pane.release_agent"
2026-08-02T11:17:37.793234Z  INFO herdr::pane: agent changed pane=26 previous_agent=None agent=Some(Pi) process=pi pgid=Some(82853)
2026-08-02T11:17:38.178183Z  INFO herdr::logging: session saved event="persist.save" subsystem="persist" outcome="ok" path=/Users/ezra/.config/herdr/session.json workspaces=1
2026-08-02T11:17:39.554398Z  INFO herdr::pane: agent changed pane=26 previous_agent=None agent=Some(Pi) process=pi pgid=Some(82853)
2026-08-02T11:17:44.562306Z  INFO herdr::logging: session saved event="persist.save" subsystem="persist" outcome="ok" path=/Users/ezra/.config/herdr/session.json workspaces=1
2026-08-02T11:18:51.285252Z  INFO herdr::logging: tab focused event="tab.focus" subsystem="tab" outcome="ok" workspace_id="wR" tab_id="wR:t1"
2026-08-02T11:18:56.298339Z  INFO herdr::logging: session saved event="persist.save" subsystem="persist" outcome="ok" path=/Users/ezra/.config/herdr/session.json workspaces=1
2026-08-02T11:19:00.677540Z  INFO herdr::pane: agent changed pane=31 previous_agent=None agent=Some(Pi) process=pi pgid=Some(83456)
2026-08-02T11:19:08.296850Z  INFO herdr::pane: agent changed pane=31 previous_agent=Some(Pi) agent=None pgid=Some(81866)
2026-08-02T11:19:50.374180Z  INFO herdr::logging: tab focused event="tab.focus" subsystem="tab" outcome="ok" workspace_id="wR" tab_id="wR:t1"
2026-08-02T11:19:53.303672Z  INFO herdr::logging: api request received event="api.request.start" subsystem="api" outcome="started" request_id="herdr:pi:release:1785669593298:1nux2banyv9" method="pane.release_agent" changes_ui=true
2026-08-02T11:19:53.307950Z  INFO herdr::logging: api request completed event="api.request.complete" subsystem="api" outcome="ok" request_id="herdr:pi:release:1785669593298:1nux2banyv9" method="pane.release_agent"
2026-08-02T11:19:56.450196Z  INFO herdr::pane: agent changed pane=26 previous_agent=None agent=Some(Pi) process=pi pgid=Some(83901)
2026-08-02T11:19:57.964662Z  INFO herdr::logging: tab focused event="tab.focus" subsystem="tab" outcome="ok" workspace_id="wR" tab_id="wR:t1"
2026-08-02T11:19:58.990455Z  INFO herdr::logging: tab focused event="tab.focus" subsystem="tab" outcome="ok" workspace_id="wR" tab_id="wR:t1"
2026-08-02T11:20:00.733618Z  INFO herdr::pane: agent changed pane=26 previous_agent=None agent=Some(Pi) process=pi pgid=Some(83901)
2026-08-02T11:20:05.741403Z  INFO herdr::logging: session saved event="persist.save" subsystem="persist" outcome="ok" path=/Users/ezra/.config/herdr/session.json workspaces=1
2026-08-02T11:20:09.990379Z  INFO herdr::server::headless: client resize client_id=14 cols=225 rows=52 cell_width_px=0 cell_height_px=0
2026-08-02T11:20:53.450613Z  INFO herdr::logging: tab focused event="tab.focus" subsystem="tab" outcome="ok" workspace_id="wR" tab_id="wR:t1"
2026-08-02T11:20:58.455401Z  INFO herdr::logging: session saved event="persist.save" subsystem="persist" outcome="ok" path=/Users/ezra/.config/herdr/session.json workspaces=1
2026-08-02T11:21:00.089824Z  INFO herdr::logging: tab focused event="tab.focus" subsystem="tab" outcome="ok" workspace_id="wR" tab_id="wR:t1"
2026-08-02T11:21:05.099130Z  INFO herdr::logging: session saved event="persist.save" subsystem="persist" outcome="ok" path=/Users/ezra/.config/herdr/session.json workspaces=1
2026-08-02T11:31:42.994221Z  INFO herdr::logging: tab renamed event="tab.rename" subsystem="tab" outcome="ok" workspace_id="wR" tab_id="wR:t1"
2026-08-02T11:31:48.009644Z  INFO herdr::logging: session saved event="persist.save" subsystem="persist" outcome="ok" path=/Users/ezra/.config/herdr/session.json workspaces=1
2026-08-02T11:31:49.605904Z  INFO herdr::logging: tab renamed event="tab.rename" subsystem="tab" outcome="ok" workspace_id="wR" tab_id="wR:t1"
2026-08-02T11:31:54.609843Z  INFO herdr::logging: session saved event="persist.save" subsystem="persist" outcome="ok" path=/Users/ezra/.config/herdr/session.json workspaces=1
2026-08-02T11:32:10.990497Z  INFO herdr::logging: spawning pane terminal event="pane.spawn.start" subsystem="pane" outcome="started" pane_id=33 rows=37 cols=96 scrollback_limit_bytes=10000000
2026-08-02T11:32:11.016619Z  INFO herdr::logging: pane child spawned event="pane.spawned" subsystem="pane" outcome="ok" pane_id=33 pid=87936
2026-08-02T11:32:11.017201Z  INFO herdr::logging: tab focused event="tab.focus" subsystem="tab" outcome="ok" workspace_id="wR" tab_id="wR:t3"
2026-08-02T11:32:11.017244Z  INFO herdr::logging: tab created event="tab.create" subsystem="tab" outcome="ok" workspace_id="wR" tab_id="wR:t3" pane_id=33
2026-08-02T11:32:16.030181Z  INFO herdr::logging: session saved event="persist.save" subsystem="persist" outcome="ok" path=/Users/ezra/.config/herdr/session.json workspaces=1
2026-08-02T11:32:46.051456Z  INFO herdr::logging: tab focused event="tab.focus" subsystem="tab" outcome="ok" workspace_id="wR" tab_id="wR:t1"
2026-08-02T11:32:51.062639Z  INFO herdr::logging: session saved event="persist.save" subsystem="persist" outcome="ok" path=/Users/ezra/.config/herdr/session.json workspaces=1
2026-08-02T11:32:54.336483Z  INFO herdr::logging: spawning pane terminal event="pane.spawn.start" subsystem="pane" outcome="started" pane_id=34 rows=18 cols=48 scrollback_limit_bytes=10000000
2026-08-02T11:32:54.356754Z  INFO herdr::logging: pane child spawned event="pane.spawned" subsystem="pane" outcome="ok" pane_id=34 pid=88202
2026-08-02T11:32:59.363653Z  INFO herdr::logging: session saved event="persist.save" subsystem="persist" outcome="ok" path=/Users/ezra/.config/herdr/session.json workspaces=1
2026-08-02T11:33:10.787480Z  INFO herdr::logging: tab focused event="tab.focus" subsystem="tab" outcome="ok" workspace_id="wR" tab_id="wR:t1"
2026-08-02T11:33:12.021693Z  INFO herdr::logging: tab focused event="tab.focus" subsystem="tab" outcome="ok" workspace_id="wR" tab_id="wR:t1"
2026-08-02T11:33:13.176020Z  INFO herdr::logging: tab focused event="tab.focus" subsystem="tab" outcome="ok" workspace_id="wR" tab_id="wR:t1"
2026-08-02T11:33:14.347144Z  INFO herdr::logging: tab focused event="tab.focus" subsystem="tab" outcome="ok" workspace_id="wR" tab_id="wR:t1"
2026-08-02T11:33:15.419474Z  INFO herdr::logging: tab focused event="tab.focus" subsystem="tab" outcome="ok" workspace_id="wR" tab_id="wR:t1"
2026-08-02T11:33:16.728363Z  INFO herdr::logging: tab focused event="tab.focus" subsystem="tab" outcome="ok" workspace_id="wR" tab_id="wR:t1"
2026-08-02T11:33:21.734241Z  INFO herdr::logging: session saved event="persist.save" subsystem="persist" outcome="ok" path=/Users/ezra/.config/herdr/session.json workspaces=1
2026-08-02T11:33:23.978475Z  INFO herdr::logging: pane child exited event="pane.exit" subsystem="pane" outcome="completed" pane_id=34 status="ExitStatus { code: 0, signal: None }"
2026-08-02T11:33:23.978591Z  INFO herdr::pane: pane session terminated pane=34 pid=88202 signal=Hangup
2026-08-02T11:33:27.530987Z  INFO herdr::logging: spawning pane terminal event="pane.spawn.start" subsystem="pane" outcome="started" pane_id=35 rows=18 cols=48 scrollback_limit_bytes=10000000
2026-08-02T11:33:27.550538Z  INFO herdr::logging: pane child spawned event="pane.spawned" subsystem="pane" outcome="ok" pane_id=35 pid=88440
2026-08-02T11:33:32.559742Z  INFO herdr::logging: session saved event="persist.save" subsystem="persist" outcome="ok" path=/Users/ezra/.config/herdr/session.json workspaces=1
2026-08-02T11:34:19.352864Z  WARN herdr::detect::manifest_update: skipping unknown remote manifest agent agent="maki"
2026-08-02T11:34:49.240344Z  INFO herdr::logging: session saved event="persist.save" subsystem="persist" outcome="ok" path=/Users/ezra/.config/herdr/session.json workspaces=1
2026-08-02T11:35:03.894814Z  INFO herdr::logging: spawning pane terminal event="pane.spawn.start" subsystem="pane" outcome="started" pane_id=36 rows=51 cols=101 scrollback_limit_bytes=10000000
2026-08-02T11:35:03.916364Z  INFO herdr::logging: pane child spawned event="pane.spawned" subsystem="pane" outcome="ok" pane_id=36 pid=90090
2026-08-02T11:35:03.917002Z  INFO herdr::logging: workspace created event="workspace.create" subsystem="workspace" outcome="ok" workspace_id="wS" pane_id=36
2026-08-02T11:35:03.917030Z  INFO herdr::logging: workspace focused event="workspace.focus" subsystem="workspace" outcome="ok" workspace_id="wS"
2026-08-02T11:35:03.917061Z  INFO herdr::logging: tab focused event="tab.focus" subsystem="tab" outcome="ok" workspace_id="wS" tab_id="wS:t1"
2026-08-02T11:35:08.934541Z  INFO herdr::logging: session saved event="persist.save" subsystem="persist" outcome="ok" path=/Users/ezra/.config/herdr/session.json workspaces=2
2026-08-02T11:35:20.030137Z  INFO herdr::logging: workspace renamed event="workspace.rename" subsystem="workspace" outcome="ok" workspace_id="wS"
2026-08-02T11:35:22.433577Z  INFO herdr::logging: spawning pane terminal event="pane.spawn.start" subsystem="pane" outcome="started" pane_id=37 rows=51 cols=199 scrollback_limit_bytes=10000000
2026-08-02T11:35:22.442722Z  INFO herdr::logging: pane child spawned event="pane.spawned" subsystem="pane" outcome="ok" pane_id=37 pid=90295
2026-08-02T11:35:22.442994Z  INFO herdr::logging: workspace created event="workspace.create" subsystem="workspace" outcome="ok" workspace_id="wT" pane_id=37
2026-08-02T11:35:22.443007Z  INFO herdr::logging: workspace focused event="workspace.focus" subsystem="workspace" outcome="ok" workspace_id="wT"
2026-08-02T11:35:22.443021Z  INFO herdr::logging: tab focused event="tab.focus" subsystem="tab" outcome="ok" workspace_id="wT" tab_id="wT:t1"
2026-08-02T11:35:27.457639Z  INFO herdr::logging: session saved event="persist.save" subsystem="persist" outcome="ok" path=/Users/ezra/.config/herdr/session.json workspaces=3
2026-08-02T11:35:29.664146Z  INFO herdr::logging: workspace renamed event="workspace.rename" subsystem="workspace" outcome="ok" workspace_id="wT"
2026-08-02T11:35:31.092733Z  INFO herdr::logging: spawning pane terminal event="pane.spawn.start" subsystem="pane" outcome="started" pane_id=38 rows=51 cols=199 scrollback_limit_bytes=10000000
2026-08-02T11:35:31.108594Z  INFO herdr::logging: pane child spawned event="pane.spawned" subsystem="pane" outcome="ok" pane_id=38 pid=90430
2026-08-02T11:35:31.108991Z  INFO herdr::logging: workspace created event="workspace.create" subsystem="workspace" outcome="ok" workspace_id="wV" pane_id=38
2026-08-02T11:35:31.109010Z  INFO herdr::logging: workspace focused event="workspace.focus" subsystem="workspace" outcome="ok" workspace_id="wV"
2026-08-02T11:35:31.109031Z  INFO herdr::logging: tab focused event="tab.focus" subsystem="tab" outcome="ok" workspace_id="wV" tab_id="wV:t1"
2026-08-02T11:35:36.129320Z  INFO herdr::logging: session saved event="persist.save" subsystem="persist" outcome="ok" path=/Users/ezra/.config/herdr/session.json workspaces=4
2026-08-02T11:35:46.968097Z  INFO herdr::logging: workspace renamed event="workspace.rename" subsystem="workspace" outcome="ok" workspace_id="wV"
2026-08-02T11:35:48.910575Z  INFO herdr::logging: workspace focused event="workspace.focus" subsystem="workspace" outcome="ok" workspace_id="wR"
2026-08-02T11:35:48.910656Z  INFO herdr::logging: tab focused event="tab.focus" subsystem="tab" outcome="ok" workspace_id="wR" tab_id="wR:t1"
2026-08-02T11:35:53.912578Z  INFO herdr::logging: session saved event="persist.save" subsystem="persist" outcome="ok" path=/Users/ezra/.config/herdr/session.json workspaces=4
2026-08-02T11:35:57.820190Z  INFO herdr::logging: workspace renamed event="workspace.rename" subsystem="workspace" outcome="ok" workspace_id="wR"
2026-08-02T11:35:59.633567Z  INFO herdr::logging: workspace focused event="workspace.focus" subsystem="workspace" outcome="ok" workspace_id="wS"
2026-08-02T11:35:59.633653Z  INFO herdr::logging: tab focused event="tab.focus" subsystem="tab" outcome="ok" workspace_id="wS" tab_id="wS:t1"
2026-08-02T11:36:02.633095Z  INFO herdr::logging: workspace focused event="workspace.focus" subsystem="workspace" outcome="ok" workspace_id="wR"
2026-08-02T11:36:02.633534Z  INFO herdr::logging: tab focused event="tab.focus" subsystem="tab" outcome="ok" workspace_id="wR" tab_id="wR:t1"
2026-08-02T11:36:07.638656Z  INFO herdr::logging: session saved event="persist.save" subsystem="persist" outcome="ok" path=/Users/ezra/.config/herdr/session.json workspaces=4
2026-08-02T11:36:21.219654Z  INFO herdr::logging: tab focused event="tab.focus" subsystem="tab" outcome="ok" workspace_id="wR" tab_id="wR:t1"
2026-08-02T11:36:26.229896Z  INFO herdr::logging: session saved event="persist.save" subsystem="persist" outcome="ok" path=/Users/ezra/.config/herdr/session.json workspaces=4
2026-08-02T11:36:40.801111Z  INFO herdr::logging: workspace focused event="workspace.focus" subsystem="workspace" outcome="ok" workspace_id="wR"
2026-08-02T11:36:40.801244Z  INFO herdr::logging: tab focused event="tab.focus" subsystem="tab" outcome="ok" workspace_id="wR" tab_id="wR:t1"
2026-08-02T11:36:45.805652Z  INFO herdr::logging: session saved event="persist.save" subsystem="persist" outcome="ok" path=/Users/ezra/.config/herdr/session.json workspaces=4
2026-08-02T11:37:10.371425Z  INFO herdr::logging: workspace renamed event="workspace.rename" subsystem="workspace" outcome="ok" workspace_id="wR"
2026-08-02T11:37:14.728411Z  INFO herdr::logging: workspace renamed event="workspace.rename" subsystem="workspace" outcome="ok" workspace_id="wS"
2026-08-02T11:37:18.630153Z  INFO herdr::logging: workspace renamed event="workspace.rename" subsystem="workspace" outcome="ok" workspace_id="wT"
2026-08-02T11:37:23.635900Z  INFO herdr::logging: session saved event="persist.save" subsystem="persist" outcome="ok" path=/Users/ezra/.config/herdr/session.json workspaces=4
2026-08-02T11:37:26.038471Z  INFO herdr::logging: workspace renamed event="workspace.rename" subsystem="workspace" outcome="ok" workspace_id="wT"
2026-08-02T11:37:31.043389Z  INFO herdr::logging: session saved event="persist.save" subsystem="persist" outcome="ok" path=/Users/ezra/.config/herdr/session.json workspaces=4
2026-08-02T11:37:39.875909Z  INFO herdr::logging: workspace renamed event="workspace.rename" subsystem="workspace" outcome="ok" workspace_id="wV"
2026-08-02T11:37:42.765700Z  INFO herdr::logging: spawning pane terminal event="pane.spawn.start" subsystem="pane" outcome="started" pane_id=39 rows=51 cols=101 scrollback_limit_bytes=10000000
2026-08-02T11:37:42.773557Z  INFO herdr::logging: pane child spawned event="pane.spawned" subsystem="pane" outcome="ok" pane_id=39 pid=91672
2026-08-02T11:37:42.774049Z  INFO herdr::logging: workspace created event="workspace.create" subsystem="workspace" outcome="ok" workspace_id="wW" pane_id=39
2026-08-02T11:37:42.774076Z  INFO herdr::logging: workspace focused event="workspace.focus" subsystem="workspace" outcome="ok" workspace_id="wW"
2026-08-02T11:37:42.774110Z  INFO herdr::logging: tab focused event="tab.focus" subsystem="tab" outcome="ok" workspace_id="wW" tab_id="wW:t1"
2026-08-02T11:37:47.788021Z  INFO herdr::logging: session saved event="persist.save" subsystem="persist" outcome="ok" path=/Users/ezra/.config/herdr/session.json workspaces=5
2026-08-02T11:37:53.070835Z  INFO herdr::logging: workspace renamed event="workspace.rename" subsystem="workspace" outcome="ok" workspace_id="wW"
2026-08-02T11:37:57.222503Z  INFO herdr::logging: spawning pane terminal event="pane.spawn.start" subsystem="pane" outcome="started" pane_id=40 rows=51 cols=199 scrollback_limit_bytes=10000000
2026-08-02T11:37:57.226778Z  INFO herdr::logging: pane child spawned event="pane.spawned" subsystem="pane" outcome="ok" pane_id=40 pid=91858
2026-08-02T11:37:57.226969Z  INFO herdr::logging: workspace created event="workspace.create" subsystem="workspace" outcome="ok" workspace_id="wX" pane_id=40
2026-08-02T11:37:57.226985Z  INFO herdr::logging: workspace focused event="workspace.focus" subsystem="workspace" outcome="ok" workspace_id="wX"
2026-08-02T11:37:57.227004Z  INFO herdr::logging: tab focused event="tab.focus" subsystem="tab" outcome="ok" workspace_id="wX" tab_id="wX:t1"
2026-08-02T11:38:02.238372Z  INFO herdr::logging: session saved event="persist.save" subsystem="persist" outcome="ok" path=/Users/ezra/.config/herdr/session.json workspaces=6
2026-08-02T11:38:03.305621Z  INFO herdr::logging: workspace renamed event="workspace.rename" subsystem="workspace" outcome="ok" workspace_id="wX"
2026-08-02T11:38:08.312006Z  INFO herdr::logging: session saved event="persist.save" subsystem="persist" outcome="ok" path=/Users/ezra/.config/herdr/session.json workspaces=6
2026-08-02T11:38:21.611764Z  INFO herdr::logging: spawning pane terminal event="pane.spawn.start" subsystem="pane" outcome="started" pane_id=41 rows=25 cols=99 scrollback_limit_bytes=10000000
2026-08-02T11:38:21.625140Z  INFO herdr::logging: pane child spawned event="pane.spawned" subsystem="pane" outcome="ok" pane_id=41 pid=92458
2026-08-02T11:38:26.628714Z  INFO herdr::logging: session saved event="persist.save" subsystem="persist" outcome="ok" path=/Users/ezra/.config/herdr/session.json workspaces=6
2026-08-02T11:40:01.741603Z  INFO herdr::logging: workspace focused event="workspace.focus" subsystem="workspace" outcome="ok" workspace_id="wW"
2026-08-02T11:40:01.741788Z  INFO herdr::logging: tab focused event="tab.focus" subsystem="tab" outcome="ok" workspace_id="wW" tab_id="wW:t1"
2026-08-02T11:40:02.508753Z  INFO herdr::logging: workspace focused event="workspace.focus" subsystem="workspace" outcome="ok" workspace_id="wV"
2026-08-02T11:40:02.508996Z  INFO herdr::logging: tab focused event="tab.focus" subsystem="tab" outcome="ok" workspace_id="wV" tab_id="wV:t1"
2026-08-02T11:40:03.101164Z  INFO herdr::logging: workspace focused event="workspace.focus" subsystem="workspace" outcome="ok" workspace_id="wT"
2026-08-02T11:40:03.101645Z  INFO herdr::logging: tab focused event="tab.focus" subsystem="tab" outcome="ok" workspace_id="wT" tab_id="wT:t1"
2026-08-02T11:40:04.408736Z  INFO herdr::logging: workspace focused event="workspace.focus" subsystem="workspace" outcome="ok" workspace_id="wS"
2026-08-02T11:40:04.408805Z  INFO herdr::logging: tab focused event="tab.focus" subsystem="tab" outcome="ok" workspace_id="wS" tab_id="wS:t1"
2026-08-02T11:40:05.434410Z  INFO herdr::logging: workspace focused event="workspace.focus" subsystem="workspace" outcome="ok" workspace_id="wS"
2026-08-02T11:40:05.434786Z  INFO herdr::logging: tab focused event="tab.focus" subsystem="tab" outcome="ok" workspace_id="wS" tab_id="wS:t1"
2026-08-02T11:40:10.438076Z  INFO herdr::logging: session saved event="persist.save" subsystem="persist" outcome="ok" path=/Users/ezra/.config/herdr/session.json workspaces=6
2026-08-02T11:40:35.717658Z  INFO herdr::logging: workspace focused event="workspace.focus" subsystem="workspace" outcome="ok" workspace_id="wT"
2026-08-02T11:40:35.717820Z  INFO herdr::logging: tab focused event="tab.focus" subsystem="tab" outcome="ok" workspace_id="wT" tab_id="wT:t1"
2026-08-02T11:40:36.703418Z  INFO herdr::logging: workspace focused event="workspace.focus" subsystem="workspace" outcome="ok" workspace_id="wV"
2026-08-02T11:40:36.715474Z  INFO herdr::logging: tab focused event="tab.focus" subsystem="tab" outcome="ok" workspace_id="wV" tab_id="wV:t1"
2026-08-02T11:40:37.126018Z  INFO herdr::logging: workspace focused event="workspace.focus" subsystem="workspace" outcome="ok" workspace_id="wW"
2026-08-02T11:40:37.126112Z  INFO herdr::logging: tab focused event="tab.focus" subsystem="tab" outcome="ok" workspace_id="wW" tab_id="wW:t1"
2026-08-02T11:40:37.617673Z  INFO herdr::logging: workspace focused event="workspace.focus" subsystem="workspace" outcome="ok" workspace_id="wX"
2026-08-02T11:40:37.617794Z  INFO herdr::logging: tab focused event="tab.focus" subsystem="tab" outcome="ok" workspace_id="wX" tab_id="wX:t1"
2026-08-02T11:40:40.954877Z  INFO herdr::logging: workspace focused event="workspace.focus" subsystem="workspace" outcome="ok" workspace_id="wR"
2026-08-02T11:40:40.955232Z  INFO herdr::logging: tab focused event="tab.focus" subsystem="tab" outcome="ok" workspace_id="wR" tab_id="wR:t1"
2026-08-02T11:40:44.450672Z  INFO herdr::logging: workspace focused event="workspace.focus" subsystem="workspace" outcome="ok" workspace_id="wS"
2026-08-02T11:40:44.450847Z  INFO herdr::logging: tab focused event="tab.focus" subsystem="tab" outcome="ok" workspace_id="wS" tab_id="wS:t1"
2026-08-02T11:40:49.454483Z  INFO herdr::logging: session saved event="persist.save" subsystem="persist" outcome="ok" path=/Users/ezra/.config/herdr/session.json workspaces=6
2026-08-02T11:40:49.959175Z  INFO herdr::logging: workspace focused event="workspace.focus" subsystem="workspace" outcome="ok" workspace_id="wR"
2026-08-02T11:40:49.959562Z  INFO herdr::logging: tab focused event="tab.focus" subsystem="tab" outcome="ok" workspace_id="wR" tab_id="wR:t1"
2026-08-02T11:40:54.966198Z  INFO herdr::logging: session saved event="persist.save" subsystem="persist" outcome="ok" path=/Users/ezra/.config/herdr/session.json workspaces=6
2026-08-02T11:41:01.200456Z  INFO herdr::logging: tab focused event="tab.focus" subsystem="tab" outcome="ok" workspace_id="wR" tab_id="wR:t1"
2026-08-02T11:41:06.205641Z  INFO herdr::logging: session saved event="persist.save" subsystem="persist" outcome="ok" path=/Users/ezra/.config/herdr/session.json workspaces=6
2026-08-02T11:41:27.950029Z  INFO herdr::logging: workspace focused event="workspace.focus" subsystem="workspace" outcome="ok" workspace_id="wX"
2026-08-02T11:41:27.950098Z  INFO herdr::logging: tab focused event="tab.focus" subsystem="tab" outcome="ok" workspace_id="wX" tab_id="wX:t1"
2026-08-02T11:41:30.309417Z  INFO herdr::logging: tab focused event="tab.focus" subsystem="tab" outcome="ok" workspace_id="wX" tab_id="wX:t1"
2026-08-02T11:41:35.312199Z  INFO herdr::logging: session saved event="persist.save" subsystem="persist" outcome="ok" path=/Users/ezra/.config/herdr/session.json workspaces=6
2026-08-02T11:42:07.034479Z  INFO herdr::logging: workspace focused event="workspace.focus" subsystem="workspace" outcome="ok" workspace_id="wV"
2026-08-02T11:42:07.034677Z  INFO herdr::logging: tab focused event="tab.focus" subsystem="tab" outcome="ok" workspace_id="wV" tab_id="wV:t1"
2026-08-02T11:42:07.949988Z  INFO herdr::logging: workspace focused event="workspace.focus" subsystem="workspace" outcome="ok" workspace_id="wT"
2026-08-02T11:42:07.950147Z  INFO herdr::logging: tab focused event="tab.focus" subsystem="tab" outcome="ok" workspace_id="wT" tab_id="wT:t1"
2026-08-02T11:42:08.617243Z  INFO herdr::logging: workspace focused event="workspace.focus" subsystem="workspace" outcome="ok" workspace_id="wS"
2026-08-02T11:42:08.617323Z  INFO herdr::logging: tab focused event="tab.focus" subsystem="tab" outcome="ok" workspace_id="wS" tab_id="wS:t1"
2026-08-02T11:42:13.626339Z  INFO herdr::logging: session saved event="persist.save" subsystem="persist" outcome="ok" path=/Users/ezra/.config/herdr/session.json workspaces=6
2026-08-02T11:42:16.009274Z  INFO herdr::logging: workspace focused event="workspace.focus" subsystem="workspace" outcome="ok" workspace_id="wX"
2026-08-02T11:42:16.009417Z  INFO herdr::logging: tab focused event="tab.focus" subsystem="tab" outcome="ok" workspace_id="wX" tab_id="wX:t1"
2026-08-02T11:42:18.549318Z  INFO herdr::logging: workspace focused event="workspace.focus" subsystem="workspace" outcome="ok" workspace_id="wS"
2026-08-02T11:42:18.549386Z  INFO herdr::logging: tab focused event="tab.focus" subsystem="tab" outcome="ok" workspace_id="wS" tab_id="wS:t1"
2026-08-02T11:42:23.553262Z  INFO herdr::logging: session saved event="persist.save" subsystem="persist" outcome="ok" path=/Users/ezra/.config/herdr/session.json workspaces=6
2026-08-02T11:42:32.522013Z  INFO herdr::logging: workspace focused event="workspace.focus" subsystem="workspace" outcome="ok" workspace_id="wX"
2026-08-02T11:42:32.522094Z  INFO herdr::logging: tab focused event="tab.focus" subsystem="tab" outcome="ok" workspace_id="wX" tab_id="wX:t1"
2026-08-02T11:42:33.822759Z  INFO herdr::logging: workspace focused event="workspace.focus" subsystem="workspace" outcome="ok" workspace_id="wX"
2026-08-02T11:42:33.822910Z  INFO herdr::logging: tab focused event="tab.focus" subsystem="tab" outcome="ok" workspace_id="wX" tab_id="wX:t1"
2026-08-02T11:42:38.002247Z  INFO herdr::logging: workspace focused event="workspace.focus" subsystem="workspace" outcome="ok" workspace_id="wS"
2026-08-02T11:42:38.002312Z  INFO herdr::logging: tab focused event="tab.focus" subsystem="tab" outcome="ok" workspace_id="wS" tab_id="wS:t1"
2026-08-02T11:42:43.011279Z  INFO herdr::logging: session saved event="persist.save" subsystem="persist" outcome="ok" path=/Users/ezra/.config/herdr/session.json workspaces=6
2026-08-02T11:42:52.666799Z  INFO herdr::logging: workspace focused event="workspace.focus" subsystem="workspace" outcome="ok" workspace_id="wX"
2026-08-02T11:42:52.666940Z  INFO herdr::logging: tab focused event="tab.focus" subsystem="tab" outcome="ok" workspace_id="wX" tab_id="wX:t1"
2026-08-02T11:42:54.550709Z  INFO herdr::logging: workspace focused event="workspace.focus" subsystem="workspace" outcome="ok" workspace_id="wW"
2026-08-02T11:42:54.550807Z  INFO herdr::logging: tab focused event="tab.focus" subsystem="tab" outcome="ok" workspace_id="wW" tab_id="wW:t1"
2026-08-02T11:42:55.217534Z  INFO herdr::logging: workspace focused event="workspace.focus" subsystem="workspace" outcome="ok" workspace_id="wV"
2026-08-02T11:42:55.217682Z  INFO herdr::logging: tab focused event="tab.focus" subsystem="tab" outcome="ok" workspace_id="wV" tab_id="wV:t1"
2026-08-02T11:42:55.834958Z  INFO herdr::logging: workspace focused event="workspace.focus" subsystem="workspace" outcome="ok" workspace_id="wT"
2026-08-02T11:42:55.835847Z  INFO herdr::logging: tab focused event="tab.focus" subsystem="tab" outcome="ok" workspace_id="wT" tab_id="wT:t1"
2026-08-02T11:42:56.700758Z  INFO herdr::logging: workspace focused event="workspace.focus" subsystem="workspace" outcome="ok" workspace_id="wS"
2026-08-02T11:42:56.700831Z  INFO herdr::logging: tab focused event="tab.focus" subsystem="tab" outcome="ok" workspace_id="wS" tab_id="wS:t1"
2026-08-02T11:42:58.851251Z  INFO herdr::logging: workspace focused event="workspace.focus" subsystem="workspace" outcome="ok" workspace_id="wR"
2026-08-02T11:42:58.851326Z  INFO herdr::logging: tab focused event="tab.focus" subsystem="tab" outcome="ok" workspace_id="wR" tab_id="wR:t1"
2026-08-02T11:43:02.759382Z  INFO herdr::logging: workspace focused event="workspace.focus" subsystem="workspace" outcome="ok" workspace_id="wS"
2026-08-02T11:43:02.762980Z  INFO herdr::logging: tab focused event="tab.focus" subsystem="tab" outcome="ok" workspace_id="wS" tab_id="wS:t1"
2026-08-02T11:43:07.770180Z  INFO herdr::logging: session saved event="persist.save" subsystem="persist" outcome="ok" path=/Users/ezra/.config/herdr/session.json workspaces=6
2026-08-02T11:43:15.895843Z  INFO herdr::logging: workspace focused event="workspace.focus" subsystem="workspace" outcome="ok" workspace_id="wX"
2026-08-02T11:43:15.896016Z  INFO herdr::logging: tab focused event="tab.focus" subsystem="tab" outcome="ok" workspace_id="wX" tab_id="wX:t1"
2026-08-02T11:43:19.079208Z  INFO herdr::logging: workspace focused event="workspace.focus" subsystem="workspace" outcome="ok" workspace_id="wR"
2026-08-02T11:43:19.079432Z  INFO herdr::logging: tab focused event="tab.focus" subsystem="tab" outcome="ok" workspace_id="wR" tab_id="wR:t1"
2026-08-02T11:43:24.087407Z  INFO herdr::logging: session saved event="persist.save" subsystem="persist" outcome="ok" path=/Users/ezra/.config/herdr/session.json workspaces=6
2026-08-02T11:43:37.621323Z  INFO herdr::logging: workspace focused event="workspace.focus" subsystem="workspace" outcome="ok" workspace_id="wX"
2026-08-02T11:43:37.621773Z  INFO herdr::logging: tab focused event="tab.focus" subsystem="tab" outcome="ok" workspace_id="wX" tab_id="wX:t1"
2026-08-02T11:43:38.670584Z  INFO herdr::logging: workspace focused event="workspace.focus" subsystem="workspace" outcome="ok" workspace_id="wW"
2026-08-02T11:43:38.670644Z  INFO herdr::logging: tab focused event="tab.focus" subsystem="tab" outcome="ok" workspace_id="wW" tab_id="wW:t1"
2026-08-02T11:43:39.470730Z  INFO herdr::logging: workspace focused event="workspace.focus" subsystem="workspace" outcome="ok" workspace_id="wV"
2026-08-02T11:43:39.470876Z  INFO herdr::logging: tab focused event="tab.focus" subsystem="tab" outcome="ok" workspace_id="wV" tab_id="wV:t1"
2026-08-02T11:43:40.303461Z  INFO herdr::logging: workspace focused event="workspace.focus" subsystem="workspace" outcome="ok" workspace_id="wT"
2026-08-02T11:43:40.303603Z  INFO herdr::logging: tab focused event="tab.focus" subsystem="tab" outcome="ok" workspace_id="wT" tab_id="wT:t1"
2026-08-02T11:43:41.078690Z  INFO herdr::logging: workspace focused event="workspace.focus" subsystem="workspace" outcome="ok" workspace_id="wS"
2026-08-02T11:43:41.078759Z  INFO herdr::logging: tab focused event="tab.focus" subsystem="tab" outcome="ok" workspace_id="wS" tab_id="wS:t1"
2026-08-02T11:43:42.071707Z  INFO herdr::logging: workspace focused event="workspace.focus" subsystem="workspace" outcome="ok" workspace_id="wT"
2026-08-02T11:43:42.072065Z  INFO herdr::logging: tab focused event="tab.focus" subsystem="tab" outcome="ok" workspace_id="wT" tab_id="wT:t1"
2026-08-02T11:43:47.076575Z  INFO herdr::logging: session saved event="persist.save" subsystem="persist" outcome="ok" path=/Users/ezra/.config/herdr/session.json workspaces=6
2026-08-02T11:54:22.020838Z  INFO herdr::logging: workspace focused event="workspace.focus" subsystem="workspace" outcome="ok" workspace_id="wR"
2026-08-02T11:54:22.020958Z  INFO herdr::logging: tab focused event="tab.focus" subsystem="tab" outcome="ok" workspace_id="wR" tab_id="wR:t1"
2026-08-02T11:54:27.031149Z  INFO herdr::logging: session saved event="persist.save" subsystem="persist" outcome="ok" path=/Users/ezra/.config/herdr/session.json workspaces=6
2026-08-02T11:55:48.382865Z  INFO herdr::logging: tab focused event="tab.focus" subsystem="tab" outcome="ok" workspace_id="wR" tab_id="wR:t1"
2026-08-02T11:55:52.416639Z  INFO herdr::logging: workspace focused event="workspace.focus" subsystem="workspace" outcome="ok" workspace_id="wT"
2026-08-02T11:55:52.416935Z  INFO herdr::logging: tab focused event="tab.focus" subsystem="tab" outcome="ok" workspace_id="wT" tab_id="wT:t1"
2026-08-02T11:55:56.961943Z  INFO herdr::logging: spawning pane terminal event="pane.spawn.start" subsystem="pane" outcome="started" pane_id=42 rows=18 cols=85 scrollback_limit_bytes=10000000
2026-08-02T11:55:56.975954Z  INFO herdr::logging: pane child spawned event="pane.spawned" subsystem="pane" outcome="ok" pane_id=42 pid=1400
2026-08-02T11:56:00.057309Z  INFO herdr::pane: agent changed pane=42 previous_agent=None agent=Some(Pi) process=pi pgid=Some(1497)
2026-08-02T11:56:01.984906Z  INFO herdr::logging: session saved event="persist.save" subsystem="persist" outcome="ok" path=/Users/ezra/.config/herdr/session.json workspaces=6
2026-08-02T11:56:02.228186Z  INFO herdr::pane: agent changed pane=42 previous_agent=None agent=Some(Pi) process=pi pgid=Some(1497)
2026-08-02T11:56:07.234301Z  INFO herdr::logging: session saved event="persist.save" subsystem="persist" outcome="ok" path=/Users/ezra/.config/herdr/session.json workspaces=6
2026-08-02T11:56:31.260128Z  INFO herdr::logging: workspace focused event="workspace.focus" subsystem="workspace" outcome="ok" workspace_id="wX"
2026-08-02T11:56:31.260224Z  INFO herdr::logging: tab focused event="tab.focus" subsystem="tab" outcome="ok" workspace_id="wX" tab_id="wX:t1"
2026-08-02T11:56:36.091835Z  INFO herdr::logging: workspace focused event="workspace.focus" subsystem="workspace" outcome="ok" workspace_id="wR"
2026-08-02T11:56:36.092006Z  INFO herdr::logging: tab focused event="tab.focus" subsystem="tab" outcome="ok" workspace_id="wR" tab_id="wR:t1"
2026-08-02T11:56:41.126362Z  INFO herdr::logging: session saved event="persist.save" subsystem="persist" outcome="ok" path=/Users/ezra/.config/herdr/session.json workspaces=6
2026-08-02T11:56:53.510955Z  INFO herdr::logging: api request received event="api.request.start" subsystem="api" outcome="started" request_id="herdr:pi:release:1785671813406:kn1u4frqwx9" method="pane.release_agent" changes_ui=true
2026-08-02T11:56:53.511168Z  INFO herdr::logging: api request completed event="api.request.complete" subsystem="api" outcome="ok" request_id="herdr:pi:release:1785671813406:kn1u4frqwx9" method="pane.release_agent"
2026-08-02T11:56:58.526505Z  INFO herdr::logging: session saved event="persist.save" subsystem="persist" outcome="ok" path=/Users/ezra/.config/herdr/session.json workspaces=6
2026-08-02T11:57:03.142590Z  INFO herdr::pane: agent changed pane=26 previous_agent=None agent=Some(Pi) process=pi pgid=Some(2673)
2026-08-02T11:57:04.845660Z  INFO herdr::pane: agent changed pane=26 previous_agent=None agent=Some(Pi) process=pi pgid=Some(2673)
2026-08-02T11:57:09.846696Z  INFO herdr::logging: session saved event="persist.save" subsystem="persist" outcome="ok" path=/Users/ezra/.config/herdr/session.json workspaces=6
2026-08-02T11:57:24.616266Z  INFO herdr::logging: workspace focused event="workspace.focus" subsystem="workspace" outcome="ok" workspace_id="wS"
2026-08-02T11:57:24.616328Z  INFO herdr::logging: tab focused event="tab.focus" subsystem="tab" outcome="ok" workspace_id="wS" tab_id="wS:t1"
2026-08-02T11:57:29.618033Z  INFO herdr::logging: session saved event="persist.save" subsystem="persist" outcome="ok" path=/Users/ezra/.config/herdr/session.json workspaces=6
2026-08-02T11:58:33.915936Z  INFO herdr::logging: workspace focused event="workspace.focus" subsystem="workspace" outcome="ok" workspace_id="wT"
2026-08-02T11:58:33.916070Z  INFO herdr::logging: tab focused event="tab.focus" subsystem="tab" outcome="ok" workspace_id="wT" tab_id="wT:t1"
2026-08-02T11:58:38.937379Z  INFO herdr::logging: session saved event="persist.save" subsystem="persist" outcome="ok" path=/Users/ezra/.config/herdr/session.json workspaces=6
2026-08-02T11:58:41.820704Z  INFO herdr::logging: workspace focused event="workspace.focus" subsystem="workspace" outcome="ok" workspace_id="wV"
2026-08-02T11:58:41.820792Z  INFO herdr::logging: tab focused event="tab.focus" subsystem="tab" outcome="ok" workspace_id="wV" tab_id="wV:t1"
2026-08-02T11:58:43.243667Z  INFO herdr::logging: workspace focused event="workspace.focus" subsystem="workspace" outcome="ok" workspace_id="wW"
2026-08-02T11:58:43.244015Z  INFO herdr::logging: tab focused event="tab.focus" subsystem="tab" outcome="ok" workspace_id="wW" tab_id="wW:t1"
2026-08-02T11:58:44.222955Z  INFO herdr::logging: workspace focused event="workspace.focus" subsystem="workspace" outcome="ok" workspace_id="wX"
2026-08-02T11:58:44.223028Z  INFO herdr::logging: tab focused event="tab.focus" subsystem="tab" outcome="ok" workspace_id="wX" tab_id="wX:t1"
2026-08-02T11:58:47.465509Z  INFO herdr::logging: workspace focused event="workspace.focus" subsystem="workspace" outcome="ok" workspace_id="wR"
2026-08-02T11:58:47.465572Z  INFO herdr::logging: tab focused event="tab.focus" subsystem="tab" outcome="ok" workspace_id="wR" tab_id="wR:t1"
2026-08-02T11:58:52.471170Z  INFO herdr::logging: session saved event="persist.save" subsystem="persist" outcome="ok" path=/Users/ezra/.config/herdr/session.json workspaces=6
2026-08-02T11:59:40.200529Z  INFO herdr::logging: workspace focused event="workspace.focus" subsystem="workspace" outcome="ok" workspace_id="wT"
2026-08-02T11:59:40.200790Z  INFO herdr::logging: tab focused event="tab.focus" subsystem="tab" outcome="ok" workspace_id="wT" tab_id="wT:t1"
2026-08-02T11:59:45.228455Z  INFO herdr::logging: session saved event="persist.save" subsystem="persist" outcome="ok" path=/Users/ezra/.config/herdr/session.json workspaces=6
2026-08-02T12:00:33.916183Z  INFO herdr::logging: workspace focused event="workspace.focus" subsystem="workspace" outcome="ok" workspace_id="wV"
2026-08-02T12:00:33.916676Z  INFO herdr::logging: tab focused event="tab.focus" subsystem="tab" outcome="ok" workspace_id="wV" tab_id="wV:t1"
2026-08-02T12:00:35.565783Z  INFO herdr::logging: workspace focused event="workspace.focus" subsystem="workspace" outcome="ok" workspace_id="wW"
2026-08-02T12:00:35.565942Z  INFO herdr::logging: tab focused event="tab.focus" subsystem="tab" outcome="ok" workspace_id="wW" tab_id="wW:t1"
2026-08-02T12:00:36.348938Z  INFO herdr::logging: workspace focused event="workspace.focus" subsystem="workspace" outcome="ok" workspace_id="wX"
2026-08-02T12:00:36.349008Z  INFO herdr::logging: tab focused event="tab.focus" subsystem="tab" outcome="ok" workspace_id="wX" tab_id="wX:t1"
2026-08-02T12:00:41.351476Z  INFO herdr::logging: session saved event="persist.save" subsystem="persist" outcome="ok" path=/Users/ezra/.config/herdr/session.json workspaces=6
2026-08-02T12:00:45.247954Z  INFO herdr::logging: workspace focused event="workspace.focus" subsystem="workspace" outcome="ok" workspace_id="wT"
2026-08-02T12:00:45.248040Z  INFO herdr::logging: tab focused event="tab.focus" subsystem="tab" outcome="ok" workspace_id="wT" tab_id="wT:t1"
2026-08-02T12:00:46.148270Z  INFO herdr::logging: workspace focused event="workspace.focus" subsystem="workspace" outcome="ok" workspace_id="wS"
2026-08-02T12:00:46.148357Z  INFO herdr::logging: tab focused event="tab.focus" subsystem="tab" outcome="ok" workspace_id="wS" tab_id="wS:t1"
2026-08-02T12:00:51.162365Z  INFO herdr::logging: session saved event="persist.save" subsystem="persist" outcome="ok" path=/Users/ezra/.config/herdr/session.json workspaces=6
2026-08-02T12:01:04.150946Z  INFO herdr::server::headless: client connected client_id=16 cols=198 rows=41 cell_width_px=0 cell_height_px=0 render_encoding=SemanticFrame
2026-08-02T12:01:07.544792Z  WARN herdr::raw_input: flushing lone escape after input timeout; if this follows an alt chord or focus switch it may reach the pane as plain esc bytes=[27]
2026-08-02T12:02:31.411960Z  INFO herdr::logging: workspace focused event="workspace.focus" subsystem="workspace" outcome="ok" workspace_id="wT"
2026-08-02T12:02:31.412059Z  INFO herdr::logging: tab focused event="tab.focus" subsystem="tab" outcome="ok" workspace_id="wT" tab_id="wT:t1"
2026-08-02T12:02:36.423286Z  INFO herdr::logging: session saved event="persist.save" subsystem="persist" outcome="ok" path=/Users/ezra/.config/herdr/session.json workspaces=6
2026-08-02T12:02:36.811473Z  INFO herdr::logging: workspace focused event="workspace.focus" subsystem="workspace" outcome="ok" workspace_id="wV"
2026-08-02T12:02:36.816284Z  INFO herdr::logging: tab focused event="tab.focus" subsystem="tab" outcome="ok" workspace_id="wV" tab_id="wV:t1"
2026-08-02T12:02:38.676580Z  INFO herdr::logging: workspace focused event="workspace.focus" subsystem="workspace" outcome="ok" workspace_id="wX"
2026-08-02T12:02:38.676656Z  INFO herdr::logging: tab focused event="tab.focus" subsystem="tab" outcome="ok" workspace_id="wX" tab_id="wX:t1"
2026-08-02T12:02:42.020180Z  INFO herdr::logging: workspace focused event="workspace.focus" subsystem="workspace" outcome="ok" workspace_id="wW"
2026-08-02T12:02:42.020472Z  INFO herdr::logging: tab focused event="tab.focus" subsystem="tab" outcome="ok" workspace_id="wW" tab_id="wW:t1"
2026-08-02T12:02:42.703806Z  INFO herdr::logging: workspace focused event="workspace.focus" subsystem="workspace" outcome="ok" workspace_id="wV"
2026-08-02T12:02:42.703921Z  INFO herdr::logging: tab focused event="tab.focus" subsystem="tab" outcome="ok" workspace_id="wV" tab_id="wV:t1"
2026-08-02T12:02:44.005731Z  INFO herdr::logging: workspace focused event="workspace.focus" subsystem="workspace" outcome="ok" workspace_id="wT"
2026-08-02T12:02:44.006033Z  INFO herdr::logging: tab focused event="tab.focus" subsystem="tab" outcome="ok" workspace_id="wT" tab_id="wT:t1"
2026-08-02T12:02:49.026956Z  INFO herdr::logging: session saved event="persist.save" subsystem="persist" outcome="ok" path=/Users/ezra/.config/herdr/session.json workspaces=6
2026-08-02T12:02:53.722177Z  INFO herdr::logging: tab focused event="tab.focus" subsystem="tab" outcome="ok" workspace_id="wT" tab_id="wT:t1"
2026-08-02T12:02:56.656398Z  WARN herdr::raw_input: flushing lone escape after input timeout; if this follows an alt chord or focus switch it may reach the pane as plain esc bytes=[27]
2026-08-02T12:02:58.749570Z  INFO herdr::logging: session saved event="persist.save" subsystem="persist" outcome="ok" path=/Users/ezra/.config/herdr/session.json workspaces=6
2026-08-02T12:04:02.954140Z  WARN herdr::raw_input: flushing lone escape after input timeout; if this follows an alt chord or focus switch it may reach the pane as plain esc bytes=[27]
2026-08-02T12:04:15.439897Z  WARN herdr::raw_input: flushing lone escape after input timeout; if this follows an alt chord or focus switch it may reach the pane as plain esc bytes=[27]
2026-08-02T12:04:17.492052Z  WARN herdr::raw_input: flushing lone escape after input timeout; if this follows an alt chord or focus switch it may reach the pane as plain esc bytes=[27]
2026-08-02T12:04:25.065084Z  WARN herdr::raw_input: flushing lone escape after input timeout; if this follows an alt chord or focus switch it may reach the pane as plain esc bytes=[27]
2026-08-02T12:04:40.997785Z  WARN herdr::raw_input: flushing lone escape after input timeout; if this follows an alt chord or focus switch it may reach the pane as plain esc bytes=[27]
2026-08-02T12:05:46.207733Z  INFO herdr::logging: workspace focused event="workspace.focus" subsystem="workspace" outcome="ok" workspace_id="wR"
2026-08-02T12:05:46.207814Z  INFO herdr::logging: tab focused event="tab.focus" subsystem="tab" outcome="ok" workspace_id="wR" tab_id="wR:t1"
2026-08-02T12:05:51.211102Z  INFO herdr::logging: session saved event="persist.save" subsystem="persist" outcome="ok" path=/Users/ezra/.config/herdr/session.json workspaces=6
2026-08-02T12:05:55.809151Z  INFO herdr::logging: tab focused event="tab.focus" subsystem="tab" outcome="ok" workspace_id="wR" tab_id="wR:t1"
2026-08-02T12:06:00.025296Z  INFO herdr::logging: workspace focused event="workspace.focus" subsystem="workspace" outcome="ok" workspace_id="wX"
2026-08-02T12:06:00.025624Z  INFO herdr::logging: tab focused event="tab.focus" subsystem="tab" outcome="ok" workspace_id="wX" tab_id="wX:t1"
2026-08-02T12:06:02.641537Z  INFO herdr::logging: workspace focused event="workspace.focus" subsystem="workspace" outcome="ok" workspace_id="wW"
2026-08-02T12:06:02.642396Z  INFO herdr::logging: tab focused event="tab.focus" subsystem="tab" outcome="ok" workspace_id="wW" tab_id="wW:t1"
2026-08-02T12:06:07.648860Z  INFO herdr::logging: session saved event="persist.save" subsystem="persist" outcome="ok" path=/Users/ezra/.config/herdr/session.json workspaces=6
2026-08-02T12:07:42.553814Z  INFO herdr::logging: workspace focused event="workspace.focus" subsystem="workspace" outcome="ok" workspace_id="wR"
2026-08-02T12:07:42.553929Z  INFO herdr::logging: tab focused event="tab.focus" subsystem="tab" outcome="ok" workspace_id="wR" tab_id="wR:t1"
2026-08-02T12:07:45.917326Z  INFO herdr::logging: tab focused event="tab.focus" subsystem="tab" outcome="ok" workspace_id="wR" tab_id="wR:t3"
2026-08-02T12:07:50.929149Z  INFO herdr::logging: session saved event="persist.save" subsystem="persist" outcome="ok" path=/Users/ezra/.config/herdr/session.json workspaces=6
2026-08-02T12:07:53.962817Z  INFO herdr::logging: workspace focused event="workspace.focus" subsystem="workspace" outcome="ok" workspace_id="wT"
2026-08-02T12:07:53.963079Z  INFO herdr::logging: tab focused event="tab.focus" subsystem="tab" outcome="ok" workspace_id="wT" tab_id="wT:t1"
2026-08-02T12:07:56.637658Z  INFO herdr::logging: workspace focused event="workspace.focus" subsystem="workspace" outcome="ok" workspace_id="wT"
2026-08-02T12:07:56.637712Z  INFO herdr::logging: tab focused event="tab.focus" subsystem="tab" outcome="ok" workspace_id="wT" tab_id="wT:t1"
2026-08-02T12:07:58.404607Z  INFO herdr::logging: workspace focused event="workspace.focus" subsystem="workspace" outcome="ok" workspace_id="wV"
2026-08-02T12:07:58.405050Z  INFO herdr::logging: tab focused event="tab.focus" subsystem="tab" outcome="ok" workspace_id="wV" tab_id="wV:t1"
2026-08-02T12:08:01.648998Z  INFO herdr::logging: workspace focused event="workspace.focus" subsystem="workspace" outcome="ok" workspace_id="wW"
2026-08-02T12:08:01.649047Z  INFO herdr::logging: tab focused event="tab.focus" subsystem="tab" outcome="ok" workspace_id="wW" tab_id="wW:t1"
2026-08-02T12:08:04.340060Z  INFO herdr::logging: workspace focused event="workspace.focus" subsystem="workspace" outcome="ok" workspace_id="wR"
2026-08-02T12:08:04.340363Z  INFO herdr::logging: tab focused event="tab.focus" subsystem="tab" outcome="ok" workspace_id="wR" tab_id="wR:t3"
2026-08-02T12:08:09.357132Z  INFO herdr::logging: session saved event="persist.save" subsystem="persist" outcome="ok" path=/Users/ezra/.config/herdr/session.json workspaces=6
2026-08-02T12:08:11.070257Z  INFO herdr::logging: workspace focused event="workspace.focus" subsystem="workspace" outcome="ok" workspace_id="wV"
2026-08-02T12:08:11.070551Z  INFO herdr::logging: tab focused event="tab.focus" subsystem="tab" outcome="ok" workspace_id="wV" tab_id="wV:t1"
2026-08-02T12:08:16.085923Z  INFO herdr::logging: session saved event="persist.save" subsystem="persist" outcome="ok" path=/Users/ezra/.config/herdr/session.json workspaces=6
2026-08-02T12:08:16.131844Z  INFO herdr::logging: workspace focused event="workspace.focus" subsystem="workspace" outcome="ok" workspace_id="wX"
2026-08-02T12:08:16.131946Z  INFO herdr::logging: tab focused event="tab.focus" subsystem="tab" outcome="ok" workspace_id="wX" tab_id="wX:t1"
2026-08-02T12:08:21.145899Z  INFO herdr::logging: session saved event="persist.save" subsystem="persist" outcome="ok" path=/Users/ezra/.config/herdr/session.json workspaces=6
2026-08-02T12:09:23.075398Z  INFO herdr::logging: workspace focused event="workspace.focus" subsystem="workspace" outcome="ok" workspace_id="wR"
2026-08-02T12:09:23.075723Z  INFO herdr::logging: tab focused event="tab.focus" subsystem="tab" outcome="ok" workspace_id="wR" tab_id="wR:t1"
2026-08-02T12:09:28.094354Z  INFO herdr::logging: session saved event="persist.save" subsystem="persist" outcome="ok" path=/Users/ezra/.config/herdr/session.json workspaces=6
2026-08-02T12:09:46.976270Z  INFO herdr::logging: tab focused event="tab.focus" subsystem="tab" outcome="ok" workspace_id="wR" tab_id="wR:t1"
2026-08-02T12:09:51.983306Z  INFO herdr::logging: session saved event="persist.save" subsystem="persist" outcome="ok" path=/Users/ezra/.config/herdr/session.json workspaces=6
2026-08-02T12:10:51.329705Z  INFO herdr::server::headless: client resize client_id=14 cols=213 rows=46 cell_width_px=0 cell_height_px=0
2026-08-02T12:10:51.381798Z  INFO herdr::server::headless: client resize client_id=12 cols=186 rows=33 cell_width_px=0 cell_height_px=0
2026-08-02T12:11:07.652262Z  INFO herdr::server::headless: client resize client_id=12 cols=196 rows=35 cell_width_px=0 cell_height_px=0
2026-08-02T12:11:07.719717Z  INFO herdr::server::headless: client resize client_id=14 cols=225 rows=48 cell_width_px=0 cell_height_px=0
2026-08-02T12:11:14.649481Z  INFO herdr::logging: tab focused event="tab.focus" subsystem="tab" outcome="ok" workspace_id="wR" tab_id="wR:t1"
2026-08-02T12:11:16.523036Z  INFO herdr::logging: workspace focused event="workspace.focus" subsystem="workspace" outcome="ok" workspace_id="wS"
2026-08-02T12:11:16.523134Z  INFO herdr::logging: tab focused event="tab.focus" subsystem="tab" outcome="ok" workspace_id="wS" tab_id="wS:t1"
2026-08-02T12:11:17.069134Z  INFO herdr::logging: workspace focused event="workspace.focus" subsystem="workspace" outcome="ok" workspace_id="wT"
2026-08-02T12:11:17.069278Z  INFO herdr::logging: tab focused event="tab.focus" subsystem="tab" outcome="ok" workspace_id="wT" tab_id="wT:t1"
2026-08-02T12:11:17.840562Z  INFO herdr::logging: workspace focused event="workspace.focus" subsystem="workspace" outcome="ok" workspace_id="wV"
2026-08-02T12:11:17.847285Z  INFO herdr::logging: tab focused event="tab.focus" subsystem="tab" outcome="ok" workspace_id="wV" tab_id="wV:t1"
2026-08-02T12:11:19.174372Z  INFO herdr::logging: workspace focused event="workspace.focus" subsystem="workspace" outcome="ok" workspace_id="wW"
2026-08-02T12:11:19.174562Z  INFO herdr::logging: tab focused event="tab.focus" subsystem="tab" outcome="ok" workspace_id="wW" tab_id="wW:t1"
2026-08-02T12:11:24.177404Z  INFO herdr::logging: session saved event="persist.save" subsystem="persist" outcome="ok" path=/Users/ezra/.config/herdr/session.json workspaces=6
2026-08-02T12:11:59.664846Z  WARN herdr::detect::manifest_update: skipping unknown remote manifest agent agent="maki"
2026-08-02T12:18:21.952858Z  INFO herdr::logging: workspace focused event="workspace.focus" subsystem="workspace" outcome="ok" workspace_id="wR"
2026-08-02T12:18:21.953030Z  INFO herdr::logging: tab focused event="tab.focus" subsystem="tab" outcome="ok" workspace_id="wR" tab_id="wR:t1"
2026-08-02T12:18:26.960002Z  INFO herdr::logging: session saved event="persist.save" subsystem="persist" outcome="ok" path=/Users/ezra/.config/herdr/session.json workspaces=6
2026-08-02T12:18:27.076842Z  INFO herdr::logging: workspace focused event="workspace.focus" subsystem="workspace" outcome="ok" workspace_id="wX"
2026-08-02T12:18:27.077040Z  INFO herdr::logging: tab focused event="tab.focus" subsystem="tab" outcome="ok" workspace_id="wX" tab_id="wX:t1"
2026-08-02T12:18:32.093626Z  INFO herdr::logging: session saved event="persist.save" subsystem="persist" outcome="ok" path=/Users/ezra/.config/herdr/session.json workspaces=6
2026-08-02T12:32:26.179301Z  INFO herdr::logging: workspace focused event="workspace.focus" subsystem="workspace" outcome="ok" workspace_id="wR"
2026-08-02T12:32:26.180437Z  INFO herdr::logging: tab focused event="tab.focus" subsystem="tab" outcome="ok" workspace_id="wR" tab_id="wR:t1"
2026-08-02T12:32:28.261835Z  INFO herdr::logging: tab focused event="tab.focus" subsystem="tab" outcome="ok" workspace_id="wR" tab_id="wR:t1"
2026-08-02T12:32:33.265383Z  INFO herdr::logging: session saved event="persist.save" subsystem="persist" outcome="ok" path=/Users/ezra/.config/herdr/session.json workspaces=6
2026-08-02T12:32:50.906149Z  INFO herdr::server::headless: client resize client_id=12 cols=208 rows=42 cell_width_px=0 cell_height_px=0
2026-08-02T12:32:50.933212Z  INFO herdr::server::headless: client resize client_id=14 cols=238 rows=57 cell_width_px=0 cell_height_px=0
2026-08-02T12:33:02.037328Z  INFO herdr::server::headless: client resize client_id=14 cols=225 rows=52 cell_width_px=0 cell_height_px=0
2026-08-02T12:36:58.877950Z  INFO herdr::server::headless: client resize client_id=14 cols=238 rows=57 cell_width_px=0 cell_height_px=0
2026-08-02T12:37:21.668099Z  INFO herdr::logging: api request received event="api.request.start" subsystem="api" outcome="started" request_id="cli:server:reload-config" method="server.reload_config" changes_ui=true
2026-08-02T12:37:21.669827Z  INFO herdr::logging: api request completed event="api.request.complete" subsystem="api" outcome="ok" request_id="cli:server:reload-config" method="server.reload_config"
2026-08-02T12:37:28.797412Z  INFO herdr::logging: api request received event="api.request.start" subsystem="api" outcome="started" request_id="cli:plugin" method="plugin.pane.open" changes_ui=true
2026-08-02T12:37:28.798368Z  INFO herdr::logging: spawning pane terminal event="pane.spawn.start" subsystem="pane" outcome="started" pane_id=43 rows=56 cols=108 scrollback_limit_bytes=10000000
2026-08-02T12:37:28.803666Z  INFO herdr::logging: pane child spawned event="pane.spawned" subsystem="pane" outcome="ok" pane_id=43 pid=31496
2026-08-02T12:37:28.804039Z  INFO herdr::logging: tab focused event="tab.focus" subsystem="tab" outcome="ok" workspace_id="wR" tab_id="wR:t1"
2026-08-02T12:37:28.804524Z  INFO herdr::logging: api request completed event="api.request.complete" subsystem="api" outcome="ok" request_id="cli:plugin" method="plugin.pane.open"
2026-08-02T12:37:33.810893Z  INFO herdr::logging: session saved event="persist.save" subsystem="persist" outcome="ok" path=/Users/ezra/.config/herdr/session.json workspaces=6
2026-08-02T12:38:37.525623Z  INFO herdr::logging: pane child exited event="pane.exit" subsystem="pane" outcome="completed" pane_id=43 status="ExitStatus { code: 0, signal: None }"
2026-08-02T12:38:37.525878Z  INFO herdr::pane: pane session terminated pane=43 pid=31496 signal=Hangup
2026-08-02T12:38:42.530298Z  INFO herdr::logging: session saved event="persist.save" subsystem="persist" outcome="ok" path=/Users/ezra/.config/herdr/session.json workspaces=6
2026-08-02T12:39:14.044295Z  INFO herdr::logging: tab focused event="tab.focus" subsystem="tab" outcome="ok" workspace_id="wR" tab_id="wR:t1"
2026-08-02T12:39:17.144401Z  INFO herdr::logging: workspace focused event="workspace.focus" subsystem="workspace" outcome="ok" workspace_id="wS"
2026-08-02T12:39:17.144589Z  INFO herdr::logging: tab focused event="tab.focus" subsystem="tab" outcome="ok" workspace_id="wS" tab_id="wS:t1"
2026-08-02T12:39:22.149428Z  INFO herdr::logging: session saved event="persist.save" subsystem="persist" outcome="ok" path=/Users/ezra/.config/herdr/session.json workspaces=6
2026-08-02T12:46:34.746345Z  INFO herdr::server::headless: client resize client_id=16 cols=198 rows=40 cell_width_px=0 cell_height_px=0
2026-08-02T12:47:33.635887Z  INFO herdr::server::headless: client resize client_id=16 cols=198 rows=41 cell_width_px=0 cell_height_px=0
2026-08-02T12:49:16.324785Z  WARN herdr::detect::manifest_update: skipping unknown remote manifest agent agent="maki"
2026-08-02T12:52:24.710913Z  INFO herdr::logging: pane child exited event="pane.exit" subsystem="pane" outcome="completed" pane_id=36 status="ExitStatus { code: 0, signal: None }"
2026-08-02T12:52:24.711025Z  INFO herdr::pane: pane session terminated pane=36 pid=90090 signal=Hangup
2026-08-02T12:52:29.716438Z  INFO herdr::logging: session saved event="persist.save" subsystem="persist" outcome="ok" path=/Users/ezra/.config/herdr/session.json workspaces=5
2026-08-02T12:52:33.032061Z  INFO herdr::logging: api request received event="api.request.start" subsystem="api" outcome="started" request_id="cli:plugin" method="plugin.pane.open" changes_ui=true
2026-08-02T12:52:33.032532Z  INFO herdr::logging: spawning pane terminal event="pane.spawn.start" subsystem="pane" outcome="started" pane_id=44 rows=41 cols=91 scrollback_limit_bytes=10000000
2026-08-02T12:52:33.038623Z  INFO herdr::logging: pane child spawned event="pane.spawned" subsystem="pane" outcome="ok" pane_id=44 pid=39151
2026-08-02T12:52:33.038805Z  INFO herdr::logging: tab focused event="tab.focus" subsystem="tab" outcome="ok" workspace_id="wT" tab_id="wT:t1"
2026-08-02T12:52:33.039164Z  INFO herdr::logging: api request completed event="api.request.complete" subsystem="api" outcome="ok" request_id="cli:plugin" method="plugin.pane.open"
2026-08-02T12:52:38.047199Z  INFO herdr::logging: session saved event="persist.save" subsystem="persist" outcome="ok" path=/Users/ezra/.config/herdr/session.json workspaces=5
2026-08-02T12:52:41.316673Z  INFO herdr::logging: api request received event="api.request.start" subsystem="api" outcome="started" request_id="herdr-plus" method="workspace.create" changes_ui=true
2026-08-02T12:52:41.319263Z  INFO herdr::logging: spawning pane terminal event="pane.spawn.start" subsystem="pane" outcome="started" pane_id=45 rows=41 cols=182 scrollback_limit_bytes=10000000
2026-08-02T12:52:41.335208Z  INFO herdr::logging: pane child spawned event="pane.spawned" subsystem="pane" outcome="ok" pane_id=45 pid=39218
2026-08-02T12:52:41.336482Z  INFO herdr::logging: workspace created event="workspace.create" subsystem="workspace" outcome="ok" workspace_id="wY" pane_id=45
2026-08-02T12:52:41.336529Z  INFO herdr::logging: workspace focused event="workspace.focus" subsystem="workspace" outcome="ok" workspace_id="wY"
2026-08-02T12:52:41.336576Z  INFO herdr::logging: tab focused event="tab.focus" subsystem="tab" outcome="ok" workspace_id="wY" tab_id="wY:t1"
2026-08-02T12:52:41.336609Z  INFO herdr::logging: workspace renamed event="workspace.rename" subsystem="workspace" outcome="ok" workspace_id="wY"
2026-08-02T12:52:41.341363Z  INFO herdr::logging: api request completed event="api.request.complete" subsystem="api" outcome="ok" request_id="herdr-plus" method="workspace.create"
2026-08-02T12:52:41.342399Z  INFO herdr::logging: api request received event="api.request.start" subsystem="api" outcome="started" request_id="herdr-plus" method="tab.rename" changes_ui=true
2026-08-02T12:52:41.350633Z  INFO herdr::logging: tab renamed event="tab.rename" subsystem="tab" outcome="ok" workspace_id="wY" tab_id="wY:t1"
2026-08-02T12:52:41.350827Z  INFO herdr::logging: api request completed event="api.request.complete" subsystem="api" outcome="ok" request_id="herdr-plus" method="tab.rename"
2026-08-02T12:52:42.592098Z  INFO herdr::logging: pane child exited event="pane.exit" subsystem="pane" outcome="completed" pane_id=44 status="ExitStatus { code: 0, signal: None }"
2026-08-02T12:52:42.595581Z  INFO herdr::pane: pane session terminated pane=44 pid=39151 signal=Hangup
2026-08-02T12:52:47.606784Z  INFO herdr::logging: session saved event="persist.save" subsystem="persist" outcome="ok" path=/Users/ezra/.config/herdr/session.json workspaces=6
2026-08-02T12:53:24.816556Z  INFO herdr::logging: api request received event="api.request.start" subsystem="api" outcome="started" request_id="cli:plugin" method="plugin.pane.open" changes_ui=true
2026-08-02T12:53:24.817468Z  INFO herdr::logging: spawning pane terminal event="pane.spawn.start" subsystem="pane" outcome="started" pane_id=46 rows=41 cols=182 scrollback_limit_bytes=10000000
2026-08-02T12:53:24.825095Z  INFO herdr::logging: pane child spawned event="pane.spawned" subsystem="pane" outcome="ok" pane_id=46 pid=39709
2026-08-02T12:53:24.825352Z  INFO herdr::logging: tab focused event="tab.focus" subsystem="tab" outcome="ok" workspace_id="wY" tab_id="wY:t1"
2026-08-02T12:53:24.825801Z  INFO herdr::logging: api request completed event="api.request.complete" subsystem="api" outcome="ok" request_id="cli:plugin" method="plugin.pane.open"
2026-08-02T12:53:29.829081Z  INFO herdr::logging: session saved event="persist.save" subsystem="persist" outcome="ok" path=/Users/ezra/.config/herdr/session.json workspaces=6
2026-08-02T12:53:43.009344Z  INFO herdr::logging: pane child exited event="pane.exit" subsystem="pane" outcome="completed" pane_id=46 status="ExitStatus { code: 0, signal: None }"
2026-08-02T12:53:43.011586Z  INFO herdr::pane: pane session terminated pane=46 pid=39709 signal=Hangup
2026-08-02T12:53:44.951408Z  INFO herdr::logging: api request received event="api.request.start" subsystem="api" outcome="started" request_id="cli:plugin" method="plugin.pane.open" changes_ui=true
2026-08-02T12:53:44.954159Z  INFO herdr::logging: spawning pane terminal event="pane.spawn.start" subsystem="pane" outcome="started" pane_id=47 rows=41 cols=182 scrollback_limit_bytes=10000000
2026-08-02T12:53:44.959262Z  INFO herdr::logging: pane child spawned event="pane.spawned" subsystem="pane" outcome="ok" pane_id=47 pid=39902
2026-08-02T12:53:44.959473Z  INFO herdr::logging: tab focused event="tab.focus" subsystem="tab" outcome="ok" workspace_id="wY" tab_id="wY:t1"
2026-08-02T12:53:44.959825Z  INFO herdr::logging: api request completed event="api.request.complete" subsystem="api" outcome="ok" request_id="cli:plugin" method="plugin.pane.open"
2026-08-02T12:53:49.963373Z  INFO herdr::logging: session saved event="persist.save" subsystem="persist" outcome="ok" path=/Users/ezra/.config/herdr/session.json workspaces=6
2026-08-02T12:53:50.810926Z  INFO herdr::logging: pane child exited event="pane.exit" subsystem="pane" outcome="completed" pane_id=47 status="ExitStatus { code: 0, signal: None }"
2026-08-02T12:53:50.811102Z  INFO herdr::pane: pane session terminated pane=47 pid=39902 signal=Hangup
2026-08-02T12:53:55.364619Z  INFO herdr::logging: workspace focused event="workspace.focus" subsystem="workspace" outcome="ok" workspace_id="wR"
2026-08-02T12:53:55.364754Z  INFO herdr::logging: tab focused event="tab.focus" subsystem="tab" outcome="ok" workspace_id="wR" tab_id="wR:t1"
2026-08-02T12:54:00.375690Z  INFO herdr::logging: session saved event="persist.save" subsystem="persist" outcome="ok" path=/Users/ezra/.config/herdr/session.json workspaces=6
2026-08-02T12:54:56.768186Z  INFO herdr::logging: tab focused event="tab.focus" subsystem="tab" outcome="ok" workspace_id="wR" tab_id="wR:t1"
2026-08-02T12:55:01.773896Z  INFO herdr::logging: session saved event="persist.save" subsystem="persist" outcome="ok" path=/Users/ezra/.config/herdr/session.json workspaces=6
2026-08-02T12:55:02.252872Z  INFO herdr::logging: tab focused event="tab.focus" subsystem="tab" outcome="ok" workspace_id="wR" tab_id="wR:t1"
2026-08-02T12:55:07.257716Z  INFO herdr::logging: session saved event="persist.save" subsystem="persist" outcome="ok" path=/Users/ezra/.config/herdr/session.json workspaces=6
2026-08-02T13:00:43.226876Z  INFO herdr::logging: tab focused event="tab.focus" subsystem="tab" outcome="ok" workspace_id="wR" tab_id="wR:t1"
2026-08-02T13:00:48.233465Z  INFO herdr::logging: session saved event="persist.save" subsystem="persist" outcome="ok" path=/Users/ezra/.config/herdr/session.json workspaces=6
2026-08-02T13:28:01.591969Z  INFO herdr::logging: workspace focused event="workspace.focus" subsystem="workspace" outcome="ok" workspace_id="wV"
2026-08-02T13:28:01.592156Z  INFO herdr::logging: tab focused event="tab.focus" subsystem="tab" outcome="ok" workspace_id="wV" tab_id="wV:t1"
2026-08-02T13:28:02.616594Z  INFO herdr::logging: workspace focused event="workspace.focus" subsystem="workspace" outcome="ok" workspace_id="wT"
2026-08-02T13:28:02.616701Z  INFO herdr::logging: tab focused event="tab.focus" subsystem="tab" outcome="ok" workspace_id="wT" tab_id="wT:t1"
2026-08-02T13:28:03.841171Z  INFO herdr::logging: tab focused event="tab.focus" subsystem="tab" outcome="ok" workspace_id="wT" tab_id="wT:t1"
2026-08-02T13:28:08.863103Z  INFO herdr::logging: session saved event="persist.save" subsystem="persist" outcome="ok" path=/Users/ezra/.config/herdr/session.json workspaces=6
2026-08-02T13:28:17.958177Z  INFO herdr::logging: workspace focused event="workspace.focus" subsystem="workspace" outcome="ok" workspace_id="wV"
2026-08-02T13:28:17.958281Z  INFO herdr::logging: tab focused event="tab.focus" subsystem="tab" outcome="ok" workspace_id="wV" tab_id="wV:t1"
2026-08-02T13:28:18.608275Z  INFO herdr::logging: workspace focused event="workspace.focus" subsystem="workspace" outcome="ok" workspace_id="wW"
2026-08-02T13:28:18.608415Z  INFO herdr::logging: tab focused event="tab.focus" subsystem="tab" outcome="ok" workspace_id="wW" tab_id="wW:t1"
2026-08-02T13:28:19.241441Z  INFO herdr::logging: workspace focused event="workspace.focus" subsystem="workspace" outcome="ok" workspace_id="wX"
2026-08-02T13:28:19.241564Z  INFO herdr::logging: tab focused event="tab.focus" subsystem="tab" outcome="ok" workspace_id="wX" tab_id="wX:t1"
2026-08-02T13:28:20.191938Z  INFO herdr::logging: workspace focused event="workspace.focus" subsystem="workspace" outcome="ok" workspace_id="wY"
2026-08-02T13:28:20.192188Z  INFO herdr::logging: tab focused event="tab.focus" subsystem="tab" outcome="ok" workspace_id="wY" tab_id="wY:t1"
2026-08-02T13:28:20.799753Z  INFO herdr::logging: workspace focused event="workspace.focus" subsystem="workspace" outcome="ok" workspace_id="wX"
2026-08-02T13:28:20.799879Z  INFO herdr::logging: tab focused event="tab.focus" subsystem="tab" outcome="ok" workspace_id="wX" tab_id="wX:t1"
2026-08-02T13:28:22.108379Z  INFO herdr::logging: workspace focused event="workspace.focus" subsystem="workspace" outcome="ok" workspace_id="wT"
2026-08-02T13:28:22.108487Z  INFO herdr::logging: tab focused event="tab.focus" subsystem="tab" outcome="ok" workspace_id="wT" tab_id="wT:t1"
2026-08-02T13:28:23.004040Z  INFO herdr::logging: workspace focused event="workspace.focus" subsystem="workspace" outcome="ok" workspace_id="wR"
2026-08-02T13:28:23.004219Z  INFO herdr::logging: tab focused event="tab.focus" subsystem="tab" outcome="ok" workspace_id="wR" tab_id="wR:t1"
2026-08-02T13:28:24.650095Z  INFO herdr::logging: workspace focused event="workspace.focus" subsystem="workspace" outcome="ok" workspace_id="wT"
2026-08-02T13:28:24.650178Z  INFO herdr::logging: tab focused event="tab.focus" subsystem="tab" outcome="ok" workspace_id="wT" tab_id="wT:t1"
2026-08-02T13:28:29.662066Z  INFO herdr::logging: session saved event="persist.save" subsystem="persist" outcome="ok" path=/Users/ezra/.config/herdr/session.json workspaces=6
2026-08-02T13:30:00.282262Z  INFO herdr::logging: pane child exited event="pane.exit" subsystem="pane" outcome="completed" pane_id=37 status="ExitStatus { code: 0, signal: None }"
2026-08-02T13:30:00.291794Z  INFO herdr::pane: pane session terminated pane=37 pid=90295 signal=Hangup
2026-08-02T13:30:05.297435Z  INFO herdr::logging: session saved event="persist.save" subsystem="persist" outcome="ok" path=/Users/ezra/.config/herdr/session.json workspaces=6
2026-08-02T13:30:05.519476Z  INFO herdr::logging: api request received event="api.request.start" subsystem="api" outcome="started" request_id="cli:plugin" method="plugin.pane.open" changes_ui=true
2026-08-02T13:30:05.522099Z  INFO herdr::logging: spawning pane terminal event="pane.spawn.start" subsystem="pane" outcome="started" pane_id=48 rows=56 cols=212 scrollback_limit_bytes=10000000
2026-08-02T13:30:05.526547Z  INFO herdr::logging: pane child spawned event="pane.spawned" subsystem="pane" outcome="ok" pane_id=48 pid=47170
2026-08-02T13:30:05.526756Z  INFO herdr::logging: tab focused event="tab.focus" subsystem="tab" outcome="ok" workspace_id="wT" tab_id="wT:t1"
2026-08-02T13:30:05.527175Z  INFO herdr::logging: api request completed event="api.request.complete" subsystem="api" outcome="ok" request_id="cli:plugin" method="plugin.pane.open"
2026-08-02T13:30:08.905579Z  INFO herdr::logging: pane child exited event="pane.exit" subsystem="pane" outcome="completed" pane_id=48 status="ExitStatus { code: 0, signal: None }"
2026-08-02T13:30:08.905678Z  INFO herdr::pane: pane session terminated pane=48 pid=47170 signal=Hangup
2026-08-02T13:30:13.916255Z  INFO herdr::logging: session saved event="persist.save" subsystem="persist" outcome="ok" path=/Users/ezra/.config/herdr/session.json workspaces=6
2026-08-02T13:30:14.516391Z  INFO herdr::logging: workspace focused event="workspace.focus" subsystem="workspace" outcome="ok" workspace_id="wR"
2026-08-02T13:30:14.516505Z  INFO herdr::logging: tab focused event="tab.focus" subsystem="tab" outcome="ok" workspace_id="wR" tab_id="wR:t1"
2026-08-02T13:30:14.667169Z  INFO herdr::logging: workspace focused event="workspace.focus" subsystem="workspace" outcome="ok" workspace_id="wR"
2026-08-02T13:30:14.667278Z  INFO herdr::logging: tab focused event="tab.focus" subsystem="tab" outcome="ok" workspace_id="wR" tab_id="wR:t1"
2026-08-02T13:30:19.670441Z  INFO herdr::logging: session saved event="persist.save" subsystem="persist" outcome="ok" path=/Users/ezra/.config/herdr/session.json workspaces=6
2026-08-02T13:30:20.759945Z  INFO herdr::logging: api request received event="api.request.start" subsystem="api" outcome="started" request_id="cli:plugin" method="plugin.pane.open" changes_ui=true
2026-08-02T13:30:20.760324Z  INFO herdr::logging: spawning pane terminal event="pane.spawn.start" subsystem="pane" outcome="started" pane_id=49 rows=56 cols=108 scrollback_limit_bytes=10000000
2026-08-02T13:30:20.764426Z  INFO herdr::logging: pane child spawned event="pane.spawned" subsystem="pane" outcome="ok" pane_id=49 pid=47339
2026-08-02T13:30:20.764629Z  INFO herdr::logging: tab focused event="tab.focus" subsystem="tab" outcome="ok" workspace_id="wR" tab_id="wR:t1"
2026-08-02T13:30:20.764946Z  INFO herdr::logging: api request completed event="api.request.complete" subsystem="api" outcome="ok" request_id="cli:plugin" method="plugin.pane.open"
2026-08-02T13:30:24.568553Z  INFO herdr::logging: pane child exited event="pane.exit" subsystem="pane" outcome="completed" pane_id=49 status="ExitStatus { code: 0, signal: None }"
2026-08-02T13:30:24.568821Z  INFO herdr::pane: pane session terminated pane=49 pid=47339 signal=Hangup
2026-08-02T13:30:29.575090Z  INFO herdr::logging: session saved event="persist.save" subsystem="persist" outcome="ok" path=/Users/ezra/.config/herdr/session.json workspaces=6
2026-08-02T13:30:31.683077Z  INFO herdr::logging: workspace focused event="workspace.focus" subsystem="workspace" outcome="ok" workspace_id="wX"
2026-08-02T13:30:31.683212Z  INFO herdr::logging: tab focused event="tab.focus" subsystem="tab" outcome="ok" workspace_id="wX" tab_id="wX:t1"
2026-08-02T13:30:33.267005Z  INFO herdr::logging: workspace focused event="workspace.focus" subsystem="workspace" outcome="ok" workspace_id="wY"
2026-08-02T13:30:33.267128Z  INFO herdr::logging: tab focused event="tab.focus" subsystem="tab" outcome="ok" workspace_id="wY" tab_id="wY:t1"
2026-08-02T13:30:37.474506Z  INFO herdr::logging: workspace focused event="workspace.focus" subsystem="workspace" outcome="ok" workspace_id="wX"
2026-08-02T13:30:37.474618Z  INFO herdr::logging: tab focused event="tab.focus" subsystem="tab" outcome="ok" workspace_id="wX" tab_id="wX:t1"
2026-08-02T13:30:38.875407Z  INFO herdr::logging: workspace focused event="workspace.focus" subsystem="workspace" outcome="ok" workspace_id="wV"
2026-08-02T13:30:38.875592Z  INFO herdr::logging: tab focused event="tab.focus" subsystem="tab" outcome="ok" workspace_id="wV" tab_id="wV:t1"
2026-08-02T13:30:39.458402Z  INFO herdr::logging: workspace focused event="workspace.focus" subsystem="workspace" outcome="ok" workspace_id="wT"
2026-08-02T13:30:39.458507Z  INFO herdr::logging: tab focused event="tab.focus" subsystem="tab" outcome="ok" workspace_id="wT" tab_id="wT:t1"
2026-08-02T13:30:40.198983Z  INFO herdr::logging: workspace focused event="workspace.focus" subsystem="workspace" outcome="ok" workspace_id="wV"
2026-08-02T13:30:40.199137Z  INFO herdr::logging: tab focused event="tab.focus" subsystem="tab" outcome="ok" workspace_id="wV" tab_id="wV:t1"
2026-08-02T13:30:40.841919Z  INFO herdr::logging: workspace focused event="workspace.focus" subsystem="workspace" outcome="ok" workspace_id="wW"
2026-08-02T13:30:40.842425Z  INFO herdr::logging: tab focused event="tab.focus" subsystem="tab" outcome="ok" workspace_id="wW" tab_id="wW:t1"
2026-08-02T13:30:43.749987Z  INFO herdr::logging: workspace focused event="workspace.focus" subsystem="workspace" outcome="ok" workspace_id="wR"
2026-08-02T13:30:43.750099Z  INFO herdr::logging: tab focused event="tab.focus" subsystem="tab" outcome="ok" workspace_id="wR" tab_id="wR:t1"
2026-08-02T13:30:45.469280Z  INFO herdr::logging: workspace focused event="workspace.focus" subsystem="workspace" outcome="ok" workspace_id="wY"
2026-08-02T13:30:45.469349Z  INFO herdr::logging: tab focused event="tab.focus" subsystem="tab" outcome="ok" workspace_id="wY" tab_id="wY:t1"
2026-08-02T13:30:50.498431Z  INFO herdr::logging: session saved event="persist.save" subsystem="persist" outcome="ok" path=/Users/ezra/.config/herdr/session.json workspaces=6
2026-08-02T13:31:36.018114Z  INFO herdr::logging: pane child exited event="pane.exit" subsystem="pane" outcome="completed" pane_id=45 status="ExitStatus { code: 0, signal: None }"
2026-08-02T13:31:36.019227Z  INFO herdr::pane: pane session terminated pane=45 pid=39218 signal=Hangup
2026-08-02T13:31:41.026546Z  INFO herdr::logging: session saved event="persist.save" subsystem="persist" outcome="ok" path=/Users/ezra/.config/herdr/session.json workspaces=5
2026-08-02T13:31:53.023676Z  INFO herdr::logging: workspace focused event="workspace.focus" subsystem="workspace" outcome="ok" workspace_id="wT"
2026-08-02T13:31:53.023831Z  INFO herdr::logging: tab focused event="tab.focus" subsystem="tab" outcome="ok" workspace_id="wT" tab_id="wT:t1"
2026-08-02T13:31:58.042244Z  INFO herdr::logging: session saved event="persist.save" subsystem="persist" outcome="ok" path=/Users/ezra/.config/herdr/session.json workspaces=5
2026-08-02T13:35:38.363605Z  WARN herdr::detect::manifest_update: agent detection manifest update failed: failed to fetch https://herdr.dev/agent-detection/index.toml
2026-08-02T14:05:54.364482Z  WARN herdr::detect::manifest_update: agent detection manifest update failed: failed to fetch https://herdr.dev/agent-detection/index.toml
2026-08-02T14:35:54.370390Z  WARN herdr::detect::manifest_update: agent detection manifest update failed: failed to fetch https://herdr.dev/agent-detection/index.toml
2026-08-02T15:05:37.032325Z  WARN herdr::detect::manifest_update: skipping unknown remote manifest agent agent="maki"
2026-08-02T15:35:36.745568Z  WARN herdr::detect::manifest_update: skipping unknown remote manifest agent agent="maki"
2026-08-02T15:57:50.747350Z  INFO herdr::logging: workspace focused event="workspace.focus" subsystem="workspace" outcome="ok" workspace_id="wR"
2026-08-02T15:57:50.748025Z  INFO herdr::logging: tab focused event="tab.focus" subsystem="tab" outcome="ok" workspace_id="wR" tab_id="wR:t1"
2026-08-02T15:57:51.863534Z  INFO herdr::logging: workspace focused event="workspace.focus" subsystem="workspace" outcome="ok" workspace_id="wT"
2026-08-02T15:57:51.863801Z  INFO herdr::logging: tab focused event="tab.focus" subsystem="tab" outcome="ok" workspace_id="wT" tab_id="wT:t1"
2026-08-02T15:57:54.225532Z  INFO herdr::logging: workspace focused event="workspace.focus" subsystem="workspace" outcome="ok" workspace_id="wX"
2026-08-02T15:57:54.225609Z  INFO herdr::logging: tab focused event="tab.focus" subsystem="tab" outcome="ok" workspace_id="wX" tab_id="wX:t1"
2026-08-02T15:57:59.249755Z  INFO herdr::logging: session saved event="persist.save" subsystem="persist" outcome="ok" path=/Users/ezra/.config/herdr/session.json workspaces=5
2026-08-02T15:58:32.729643Z  INFO herdr::logging: workspace focused event="workspace.focus" subsystem="workspace" outcome="ok" workspace_id="wR"
2026-08-02T15:58:32.729827Z  INFO herdr::logging: tab focused event="tab.focus" subsystem="tab" outcome="ok" workspace_id="wR" tab_id="wR:t1"
2026-08-02T15:58:36.647407Z  INFO herdr::logging: workspace focused event="workspace.focus" subsystem="workspace" outcome="ok" workspace_id="wT"
2026-08-02T15:58:36.647612Z  INFO herdr::logging: tab focused event="tab.focus" subsystem="tab" outcome="ok" workspace_id="wT" tab_id="wT:t1"
2026-08-02T15:58:40.344925Z  INFO herdr::logging: workspace focused event="workspace.focus" subsystem="workspace" outcome="ok" workspace_id="wW"
2026-08-02T15:58:40.345071Z  INFO herdr::logging: tab focused event="tab.focus" subsystem="tab" outcome="ok" workspace_id="wW" tab_id="wW:t1"
2026-08-02T15:58:40.529293Z  INFO herdr::logging: workspace focused event="workspace.focus" subsystem="workspace" outcome="ok" workspace_id="wW"
2026-08-02T15:58:40.529842Z  INFO herdr::logging: tab focused event="tab.focus" subsystem="tab" outcome="ok" workspace_id="wW" tab_id="wW:t1"
2026-08-02T15:58:42.929253Z  INFO herdr::logging: workspace focused event="workspace.focus" subsystem="workspace" outcome="ok" workspace_id="wR"
2026-08-02T15:58:42.929357Z  INFO herdr::logging: tab focused event="tab.focus" subsystem="tab" outcome="ok" workspace_id="wR" tab_id="wR:t1"
2026-08-02T15:58:43.572439Z  INFO herdr::logging: workspace focused event="workspace.focus" subsystem="workspace" outcome="ok" workspace_id="wT"
2026-08-02T15:58:43.572561Z  INFO herdr::logging: tab focused event="tab.focus" subsystem="tab" outcome="ok" workspace_id="wT" tab_id="wT:t1"
2026-08-02T15:58:44.711286Z  INFO herdr::logging: workspace focused event="workspace.focus" subsystem="workspace" outcome="ok" workspace_id="wX"
2026-08-02T15:58:44.711371Z  INFO herdr::logging: tab focused event="tab.focus" subsystem="tab" outcome="ok" workspace_id="wX" tab_id="wX:t1"
2026-08-02T15:58:49.743310Z  INFO herdr::logging: session saved event="persist.save" subsystem="persist" outcome="ok" path=/Users/ezra/.config/herdr/session.json workspaces=5
2026-08-02T16:06:53.048137Z  WARN herdr::detect::manifest_update: skipping unknown remote manifest agent agent="maki"
2026-08-02T16:29:31.793447Z  INFO herdr::logging: api request received event="api.request.start" subsystem="api" outcome="started" request_id="cli:plugin" method="plugin.pane.open" changes_ui=true
2026-08-02T16:29:31.811696Z  INFO herdr::logging: spawning pane terminal event="pane.spawn.start" subsystem="pane" outcome="started" pane_id=50 rows=41 cols=91 scrollback_limit_bytes=10000000
2026-08-02T16:29:31.819453Z  INFO herdr::logging: pane child spawned event="pane.spawned" subsystem="pane" outcome="ok" pane_id=50 pid=95719
2026-08-02T16:29:31.819902Z  INFO herdr::logging: tab focused event="tab.focus" subsystem="tab" outcome="ok" workspace_id="wX" tab_id="wX:t1"
2026-08-02T16:29:31.820589Z  INFO herdr::logging: api request completed event="api.request.complete" subsystem="api" outcome="ok" request_id="cli:plugin" method="plugin.pane.open"
2026-08-02T16:29:36.828248Z  INFO herdr::logging: session saved event="persist.save" subsystem="persist" outcome="ok" path=/Users/ezra/.config/herdr/session.json workspaces=5
2026-08-02T16:29:49.689496Z  INFO herdr::server::headless: client detach requested via keybind client_id=12
2026-08-02T16:29:49.692520Z  INFO herdr::server::headless: client disconnected client_id=12
2026-08-02T16:29:56.151393Z  INFO herdr::server::headless: client connected client_id=18 cols=208 rows=42 cell_width_px=0 cell_height_px=0 render_encoding=SemanticFrame
2026-08-02T16:30:23.896866Z  INFO herdr::logging: tab focused event="tab.focus" subsystem="tab" outcome="ok" workspace_id="wX" tab_id="wX:t1"
2026-08-02T16:30:28.361717Z  INFO herdr::logging: workspace focused event="workspace.focus" subsystem="workspace" outcome="ok" workspace_id="wX"
2026-08-02T16:30:28.361779Z  INFO herdr::logging: tab focused event="tab.focus" subsystem="tab" outcome="ok" workspace_id="wX" tab_id="wX:t1"
2026-08-02T16:30:28.911395Z  INFO herdr::logging: workspace focused event="workspace.focus" subsystem="workspace" outcome="ok" workspace_id="wW"
2026-08-02T16:30:28.911449Z  INFO herdr::logging: tab focused event="tab.focus" subsystem="tab" outcome="ok" workspace_id="wW" tab_id="wW:t1"
2026-08-02T16:30:33.404472Z  INFO herdr::logging: api request received event="api.request.start" subsystem="api" outcome="started" request_id="cli:plugin" method="plugin.pane.open" changes_ui=true
2026-08-02T16:30:33.404801Z  INFO herdr::logging: spawning pane terminal event="pane.spawn.start" subsystem="pane" outcome="started" pane_id=51 rows=41 cols=182 scrollback_limit_bytes=10000000
2026-08-02T16:30:33.408945Z  INFO herdr::logging: pane child spawned event="pane.spawned" subsystem="pane" outcome="ok" pane_id=51 pid=96149
2026-08-02T16:30:33.409137Z  INFO herdr::logging: tab focused event="tab.focus" subsystem="tab" outcome="ok" workspace_id="wW" tab_id="wW:t1"
2026-08-02T16:30:33.409426Z  INFO herdr::logging: api request completed event="api.request.complete" subsystem="api" outcome="ok" request_id="cli:plugin" method="plugin.pane.open"
2026-08-02T16:30:38.413079Z  INFO herdr::logging: session saved event="persist.save" subsystem="persist" outcome="ok" path=/Users/ezra/.config/herdr/session.json workspaces=5
2026-08-02T16:30:40.096770Z  INFO herdr::logging: pane child exited event="pane.exit" subsystem="pane" outcome="completed" pane_id=51 status="ExitStatus { code: 0, signal: None }"
2026-08-02T16:30:40.096849Z  INFO herdr::pane: pane session terminated pane=51 pid=96149 signal=Hangup
2026-08-02T16:30:43.244924Z  INFO herdr::logging: workspace focused event="workspace.focus" subsystem="workspace" outcome="ok" workspace_id="wX"
2026-08-02T16:30:43.244980Z  INFO herdr::logging: tab focused event="tab.focus" subsystem="tab" outcome="ok" workspace_id="wX" tab_id="wX:t1"
2026-08-02T16:30:48.251104Z  INFO herdr::logging: session saved event="persist.save" subsystem="persist" outcome="ok" path=/Users/ezra/.config/herdr/session.json workspaces=5
2026-08-02T16:31:02.019244Z  INFO herdr::logging: workspace focused event="workspace.focus" subsystem="workspace" outcome="ok" workspace_id="wX"
2026-08-02T16:31:02.019316Z  INFO herdr::logging: tab focused event="tab.focus" subsystem="tab" outcome="ok" workspace_id="wX" tab_id="wX:t1"
2026-08-02T16:31:05.086020Z  INFO herdr::logging: workspace closed event="workspace.close" subsystem="workspace" outcome="ok" workspace_id="wX"
2026-08-02T16:31:10.088840Z  INFO herdr::logging: session saved event="persist.save" subsystem="persist" outcome="ok" path=/Users/ezra/.config/herdr/session.json workspaces=4
2026-08-02T16:31:12.043146Z  INFO herdr::logging: api request received event="api.request.start" subsystem="api" outcome="started" request_id="cli:plugin" method="plugin.pane.open" changes_ui=true
2026-08-02T16:31:12.043567Z  INFO herdr::logging: spawning pane terminal event="pane.spawn.start" subsystem="pane" outcome="started" pane_id=52 rows=41 cols=182 scrollback_limit_bytes=10000000
2026-08-02T16:31:12.047568Z  INFO herdr::logging: pane child spawned event="pane.spawned" subsystem="pane" outcome="ok" pane_id=52 pid=96353
2026-08-02T16:31:12.047720Z  INFO herdr::logging: tab focused event="tab.focus" subsystem="tab" outcome="ok" workspace_id="wW" tab_id="wW:t1"
2026-08-02T16:31:12.048015Z  INFO herdr::logging: api request completed event="api.request.complete" subsystem="api" outcome="ok" request_id="cli:plugin" method="plugin.pane.open"
2026-08-02T16:31:12.605159Z  INFO herdr::logging: pane child exited event="pane.exit" subsystem="pane" outcome="completed" pane_id=41 status="ExitStatus { code: 1, signal: None }"
2026-08-02T16:31:12.628656Z  INFO herdr::pane: pane session terminated pane=41 pid=92458 signal=Hangup
2026-08-02T16:31:12.630054Z  INFO herdr::logging: pane child exited event="pane.exit" subsystem="pane" outcome="completed" pane_id=40 status="ExitStatus { code: 1, signal: None }"
2026-08-02T16:31:12.649207Z  INFO herdr::pane: pane session terminated pane=40 pid=91858 signal=Hangup
2026-08-02T16:31:12.650551Z  INFO herdr::logging: pane child exited event="pane.exit" subsystem="pane" outcome="completed" pane_id=50 status="ExitStatus { code: 1, signal: Some(\"Hangup: 1\") }"
2026-08-02T16:31:12.674703Z  INFO herdr::pane: pane session terminated pane=50 pid=95719 signal=Hangup
2026-08-02T16:31:12.674934Z  WARN herdr::app::actions: PaneDied for unknown pane pane=41
2026-08-02T16:31:12.674950Z  WARN herdr::app::actions: PaneDied for unknown pane pane=40
2026-08-02T16:31:12.674958Z  WARN herdr::app::actions: PaneDied for unknown pane pane=50
2026-08-02T16:31:16.025574Z  INFO herdr::logging: pane child exited event="pane.exit" subsystem="pane" outcome="completed" pane_id=52 status="ExitStatus { code: 0, signal: None }"
2026-08-02T16:31:16.025672Z  INFO herdr::pane: pane session terminated pane=52 pid=96353 signal=Hangup
2026-08-02T16:31:21.029105Z  INFO herdr::logging: session saved event="persist.save" subsystem="persist" outcome="ok" path=/Users/ezra/.config/herdr/session.json workspaces=4
2026-08-02T16:31:36.232005Z  INFO herdr::logging: pane child exited event="pane.exit" subsystem="pane" outcome="completed" pane_id=39 status="ExitStatus { code: 0, signal: None }"
2026-08-02T16:31:36.236072Z  INFO herdr::pane: pane session terminated pane=39 pid=91672 signal=Hangup
2026-08-02T16:31:41.243783Z  INFO herdr::logging: session saved event="persist.save" subsystem="persist" outcome="ok" path=/Users/ezra/.config/herdr/session.json workspaces=3
2026-08-02T17:13:39.991759Z  WARN herdr::detect::manifest_update: skipping unknown remote manifest agent agent="maki"
2026-08-02T17:43:39.977928Z  WARN herdr::detect::manifest_update: skipping unknown remote manifest agent agent="maki"
2026-08-02T18:21:31.301247Z  WARN herdr::detect::manifest_update: skipping unknown remote manifest agent agent="maki"
2026-08-03T00:01:18.726010Z  WARN herdr::detect::manifest_update: agent detection manifest update failed: failed to fetch https://herdr.dev/agent-detection/index.toml
2026-08-03T00:31:16.486350Z  WARN herdr::detect::manifest_update: skipping unknown remote manifest agent agent="maki"
2026-08-03T01:01:16.502954Z  WARN herdr::detect::manifest_update: skipping unknown remote manifest agent agent="maki"
2026-08-03T01:49:15.298049Z  WARN herdr::detect::manifest_update: skipping unknown remote manifest agent agent="maki"
2026-08-03T01:49:50.975887Z  WARN herdr::detect::manifest_update: agent detection manifest update failed for agent agent="cline" error=fetch failed: failed to fetch https://herdr.dev/agent-detection/cline.toml
2026-08-03T02:19:31.265040Z  WARN herdr::detect::manifest_update: agent detection manifest update failed: failed to fetch https://herdr.dev/agent-detection/index.toml
2026-08-03T02:49:08.541349Z  WARN herdr::detect::manifest_update: skipping unknown remote manifest agent agent="maki"
2026-08-03T03:19:09.544368Z  WARN herdr::detect::manifest_update: skipping unknown remote manifest agent agent="maki"
2026-08-03T03:49:08.138978Z  WARN herdr::detect::manifest_update: skipping unknown remote manifest agent agent="maki"
2026-08-03T04:19:08.932560Z  WARN herdr::detect::manifest_update: agent detection manifest update failed: failed to fetch https://herdr.dev/agent-detection/index.toml
2026-08-03T04:49:09.320918Z  WARN herdr::detect::manifest_update: skipping unknown remote manifest agent agent="maki"
2026-08-03T04:49:44.051897Z  WARN herdr::detect::manifest_update: agent detection manifest update failed for agent agent="claude" error=fetch failed: failed to fetch https://herdr.dev/agent-detection/claude.toml
2026-08-03T04:50:02.173746Z  WARN herdr::detect::manifest_update: agent detection manifest update failed for agent agent="cline" error=fetch failed: failed to fetch https://herdr.dev/agent-detection/cline.toml
2026-08-03T05:19:28.587440Z  WARN herdr::detect::manifest_update: agent detection manifest update failed: failed to fetch https://herdr.dev/agent-detection/index.toml
2026-08-03T05:53:21.281583Z  WARN herdr::detect::manifest_update: agent detection manifest update failed: failed to fetch https://herdr.dev/agent-detection/index.toml
2026-08-03T05:54:17.455115Z  WARN herdr::raw_input: flushing lone escape after input timeout; if this follows an alt chord or focus switch it may reach the pane as plain esc bytes=[27]
2026-08-03T05:59:03.678210Z  WARN herdr::raw_input: flushing lone escape after input timeout; if this follows an alt chord or focus switch it may reach the pane as plain esc bytes=[27]
2026-08-03T05:59:31.014301Z  WARN herdr::raw_input: flushing lone escape after input timeout; if this follows an alt chord or focus switch it may reach the pane as plain esc bytes=[27]
2026-08-03T05:59:36.602447Z  WARN herdr::raw_input: flushing lone escape after input timeout; if this follows an alt chord or focus switch it may reach the pane as plain esc bytes=[27]
2026-08-03T06:00:30.447258Z  WARN herdr::raw_input: flushing lone escape after input timeout; if this follows an alt chord or focus switch it may reach the pane as plain esc bytes=[27]
2026-08-03T06:00:57.203314Z  INFO herdr::logging: api request received event="api.request.start" subsystem="api" outcome="started" request_id="cli:plugin" method="plugin.pane.open" changes_ui=true
2026-08-03T06:00:57.204315Z  INFO herdr::logging: spawning pane terminal event="pane.spawn.start" subsystem="pane" outcome="started" pane_id=53 rows=40 cols=172 scrollback_limit_bytes=10000000
2026-08-03T06:00:57.210613Z  INFO herdr::logging: pane child spawned event="pane.spawned" subsystem="pane" outcome="ok" pane_id=53 pid=31986
2026-08-03T06:00:57.211005Z  INFO herdr::logging: tab focused event="tab.focus" subsystem="tab" outcome="ok" workspace_id="wV" tab_id="wV:t1"
2026-08-03T06:00:57.212259Z  INFO herdr::logging: api request completed event="api.request.complete" subsystem="api" outcome="ok" request_id="cli:plugin" method="plugin.pane.open"
2026-08-03T06:01:02.223093Z  INFO herdr::logging: session saved event="persist.save" subsystem="persist" outcome="ok" path=/Users/ezra/.config/herdr/session.json workspaces=3
2026-08-03T06:01:17.537483Z  INFO herdr::logging: pane child exited event="pane.exit" subsystem="pane" outcome="completed" pane_id=53 status="ExitStatus { code: 0, signal: None }"
2026-08-03T06:01:17.537863Z  INFO herdr::pane: pane session terminated pane=53 pid=31986 signal=Hangup
2026-08-03T06:01:22.543163Z  INFO herdr::logging: session saved event="persist.save" subsystem="persist" outcome="ok" path=/Users/ezra/.config/herdr/session.json workspaces=3
2026-08-03T06:19:32.108321Z  INFO herdr::app::actions: copied selection to clipboard
2026-08-03T06:22:20.637211Z  INFO herdr::logging: workspace focused event="workspace.focus" subsystem="workspace" outcome="ok" workspace_id="wT"
2026-08-03T06:22:20.637332Z  INFO herdr::logging: tab focused event="tab.focus" subsystem="tab" outcome="ok" workspace_id="wT" tab_id="wT:t1"
2026-08-03T06:22:23.297746Z  INFO herdr::logging: workspace focused event="workspace.focus" subsystem="workspace" outcome="ok" workspace_id="wR"
2026-08-03T06:22:23.297871Z  INFO herdr::logging: tab focused event="tab.focus" subsystem="tab" outcome="ok" workspace_id="wR" tab_id="wR:t1"
2026-08-03T06:22:25.261319Z  INFO herdr::logging: tab focused event="tab.focus" subsystem="tab" outcome="ok" workspace_id="wR" tab_id="wR:t1"
2026-08-03T06:22:30.278499Z  INFO herdr::logging: session saved event="persist.save" subsystem="persist" outcome="ok" path=/Users/ezra/.config/herdr/session.json workspaces=3
2026-08-03T06:22:40.153793Z  INFO herdr::logging: workspace focused event="workspace.focus" subsystem="workspace" outcome="ok" workspace_id="wV"
2026-08-03T06:22:40.153844Z  INFO herdr::logging: tab focused event="tab.focus" subsystem="tab" outcome="ok" workspace_id="wV" tab_id="wV:t1"
2026-08-03T06:22:45.161173Z  INFO herdr::logging: session saved event="persist.save" subsystem="persist" outcome="ok" path=/Users/ezra/.config/herdr/session.json workspaces=3
2026-08-03T06:22:52.296083Z  INFO herdr::logging: workspace focused event="workspace.focus" subsystem="workspace" outcome="ok" workspace_id="wR"
2026-08-03T06:22:52.296178Z  INFO herdr::logging: tab focused event="tab.focus" subsystem="tab" outcome="ok" workspace_id="wR" tab_id="wR:t1"
2026-08-03T06:22:57.300787Z  INFO herdr::logging: session saved event="persist.save" subsystem="persist" outcome="ok" path=/Users/ezra/.config/herdr/session.json workspaces=3
2026-08-03T06:23:03.405838Z  INFO herdr::logging: tab focused event="tab.focus" subsystem="tab" outcome="ok" workspace_id="wR" tab_id="wR:t3"
2026-08-03T06:23:08.415457Z  INFO herdr::logging: session saved event="persist.save" subsystem="persist" outcome="ok" path=/Users/ezra/.config/herdr/session.json workspaces=3
2026-08-03T06:23:11.654982Z  INFO herdr::logging: workspace focused event="workspace.focus" subsystem="workspace" outcome="ok" workspace_id="wV"
2026-08-03T06:23:11.655275Z  INFO herdr::logging: tab focused event="tab.focus" subsystem="tab" outcome="ok" workspace_id="wV" tab_id="wV:t1"
2026-08-03T06:23:16.660911Z  INFO herdr::logging: session saved event="persist.save" subsystem="persist" outcome="ok" path=/Users/ezra/.config/herdr/session.json workspaces=3
2026-08-03T06:23:29.313231Z  INFO herdr::logging: workspace focused event="workspace.focus" subsystem="workspace" outcome="ok" workspace_id="wT"
2026-08-03T06:23:29.313383Z  INFO herdr::logging: tab focused event="tab.focus" subsystem="tab" outcome="ok" workspace_id="wT" tab_id="wT:t1"
2026-08-03T06:23:30.759848Z  WARN herdr::detect::manifest_update: skipping unknown remote manifest agent agent="maki"
2026-08-03T06:23:30.913446Z  INFO herdr::logging: workspace focused event="workspace.focus" subsystem="workspace" outcome="ok" workspace_id="wR"
2026-08-03T06:23:30.913702Z  INFO herdr::logging: tab focused event="tab.focus" subsystem="tab" outcome="ok" workspace_id="wR" tab_id="wR:t3"
2026-08-03T06:23:35.948226Z  INFO herdr::logging: session saved event="persist.save" subsystem="persist" outcome="ok" path=/Users/ezra/.config/herdr/session.json workspaces=3
2026-08-03T06:24:06.529700Z  INFO herdr::logging: spawning pane terminal event="pane.spawn.start" subsystem="pane" outcome="started" pane_id=54 rows=20 cols=91 scrollback_limit_bytes=10000000
2026-08-03T06:24:06.548434Z  INFO herdr::logging: pane child spawned event="pane.spawned" subsystem="pane" outcome="ok" pane_id=54 pid=39461
2026-08-03T06:24:11.555027Z  INFO herdr::logging: session saved event="persist.save" subsystem="persist" outcome="ok" path=/Users/ezra/.config/herdr/session.json workspaces=3
2026-08-03T06:25:31.648235Z  INFO herdr::logging: pane child exited event="pane.exit" subsystem="pane" outcome="completed" pane_id=54 status="ExitStatus { code: 130, signal: None }"
2026-08-03T06:25:31.655444Z  INFO herdr::pane: pane session terminated pane=54 pid=39461 signal=Hangup
2026-08-03T06:25:36.660903Z  INFO herdr::logging: session saved event="persist.save" subsystem="persist" outcome="ok" path=/Users/ezra/.config/herdr/session.json workspaces=3
2026-08-03T06:27:15.807692Z  INFO herdr::logging: pane child exited event="pane.exit" subsystem="pane" outcome="completed" pane_id=33 status="ExitStatus { code: 0, signal: None }"
2026-08-03T06:27:15.807817Z  INFO herdr::pane: pane session terminated pane=33 pid=87936 signal=Hangup
2026-08-03T06:27:18.217533Z  INFO herdr::logging: workspace focused event="workspace.focus" subsystem="workspace" outcome="ok" workspace_id="wT"
2026-08-03T06:27:18.217642Z  INFO herdr::logging: tab focused event="tab.focus" subsystem="tab" outcome="ok" workspace_id="wT" tab_id="wT:t1"
2026-08-03T06:27:23.250301Z  INFO herdr::logging: session saved event="persist.save" subsystem="persist" outcome="ok" path=/Users/ezra/.config/herdr/session.json workspaces=3
2026-08-03T06:27:28.421084Z  INFO herdr::app::actions: copied double-clicked token to clipboard
2026-08-03T06:27:29.109498Z  INFO herdr::logging: api request received event="api.request.start" subsystem="api" outcome="started" request_id="herdr:pi:release:1785738449100:omv8o7qc0cs" method="pane.release_agent" changes_ui=true
2026-08-03T06:27:29.110871Z  INFO herdr::logging: api request completed event="api.request.complete" subsystem="api" outcome="ok" request_id="herdr:pi:release:1785738449100:omv8o7qc0cs" method="pane.release_agent"
2026-08-03T06:27:34.119890Z  INFO herdr::logging: session saved event="persist.save" subsystem="persist" outcome="ok" path=/Users/ezra/.config/herdr/session.json workspaces=3
